date,game_pk,home_team,away_team,home_win,runs_scored_diff,runs_allowed_diff,season_run_diff_diff,recent_win_pct_diff,rest_days_diff
2026-03-27,823243,San Francisco Giants,New York Yankees,0,-7.0,-7.0,-14.0,-1.0,0
2026-03-27,824216,Houston Astros,Los Angeles Angels,0,-3.0,-3.0,-6.0,-1.0,0
2026-03-27,823324,San Diego Padres,Detroit Tigers,0,-6.0,-6.0,-12.0,-1.0,0
2026-03-27,823162,Seattle Mariners,Cleveland Guardians,1,-2.0,-2.0,-4.0,-1.0,0
2026-03-27,823971,Los Angeles Dodgers,Arizona Diamondbacks,1,6.0,6.0,12.0,1.0,0
2026-03-28,823082,St. Louis Cardinals,Tampa Bay Rays,1,2.0,2.0,4.0,1.0,0
2026-03-28,824701,Chicago Cubs,Washington Nationals,1,-6.0,-6.0,-12.0,-1.0,0
2026-03-28,822838,Toronto Blue Jays,Athletics,1,1.0,1.0,2.0,1.0,0
2026-03-28,824862,Baltimore Orioles,Minnesota Twins,0,1.0,1.0,2.0,1.0,0
2026-03-28,823488,Philadelphia Phillies,Texas Rangers,0,2.0,2.0,4.0,1.0,0
2026-03-28,824540,Cincinnati Reds,Boston Red Sox,1,-3.0,-3.0,-6.0,-1.0,0
2026-03-28,823651,New York Mets,Pittsburgh Pirates,1,4.0,4.0,8.0,1.0,0
2026-03-28,823892,Miami Marlins,Colorado Rockies,1,1.0,1.0,2.0,1.0,0
2026-03-28,824213,Houston Astros,Los Angeles Angels,1,-3.5,-3.5,-7.0,-1.0,0
2026-03-28,823811,Milwaukee Brewers,Chicago White Sox,1,12.0,12.0,24.0,1.0,0
2026-03-28,824945,Atlanta Braves,Kansas City Royals,1,6.0,6.0,12.0,1.0,0
2026-03-28,823241,San Francisco Giants,New York Yankees,0,-5.0,-5.0,-10.0,-1.0,0
2026-03-28,823323,San Diego Padres,Detroit Tigers,1,-4.5,-4.5,-9.0,-1.0,0
2026-03-28,823973,Los Angeles Dodgers,Arizona Diamondbacks,1,3.5,3.5,7.0,1.0,0
2026-03-28,823161,Seattle Mariners,Cleveland Guardians,0,1.0,1.0,2.0,0.0,0
2026-03-29,824864,Baltimore Orioles,Minnesota Twins,1,-1.0,-1.0,-2.0,0.0,0
2026-03-29,823487,Philadelphia Phillies,Texas Rangers,0,0.5,0.5,1.0,0.0,0
2026-03-29,824944,Atlanta Braves,Kansas City Royals,0,5.0,5.0,10.0,1.0,0
2026-03-29,822837,Toronto Blue Jays,Athletics,1,1.0,1.0,2.0,1.0,0
2026-03-29,824538,Cincinnati Reds,Boston Red Sox,1,-1.0,-1.0,-2.0,0.0,0
2026-03-29,823647,New York Mets,Pittsburgh Pirates,0,3.0,3.0,6.0,1.0,0
2026-03-29,823891,Miami Marlins,Colorado Rockies,1,1.0,1.0,2.0,1.0,0
2026-03-29,824215,Houston Astros,Los Angeles Angels,1,-1.666666666666667,-1.666666666666667,-3.3333333333333335,-0.3333333333333333,0
2026-03-29,823810,Milwaukee Brewers,Chicago White Sox,1,8.5,8.5,17.0,1.0,0
2026-03-29,823079,St. Louis Cardinals,Tampa Bay Rays,0,1.5,1.5,3.0,1.0,0
2026-03-29,824700,Chicago Cubs,Washington Nationals,0,1.0,1.0,2.0,0.0,0
2026-03-29,823160,Seattle Mariners,Cleveland Guardians,1,0.3333333333333339,0.3333333333333339,0.6666666666666666,-0.3333333333333333,0
2026-03-30,824135,Kansas City Royals,Minnesota Twins,1,-1.6666666666666665,-0.6666666666666665,-2.3333333333333335,0.0,0
2026-03-30,824863,Baltimore Orioles,Texas Rangers,0,-1.6666666666666665,0.3333333333333335,-1.3333333333333333,0.0,0
2026-03-30,824539,Cincinnati Reds,Pittsburgh Pirates,1,-1.333333333333333,2.6666666666666665,1.3333333333333335,0.3333333333333333,0
2026-03-30,823484,Philadelphia Phillies,Washington Nationals,0,-2.0,0.3333333333333339,-1.6666666666666665,-0.3333333333333333,0
2026-03-30,823890,Miami Marlins,Chicago White Sox,0,0.0,7.333333333333332,7.333333333333333,1.0,0
2026-03-30,822834,Toronto Blue Jays,Colorado Rockies,0,2.9999999999999996,-0.33333333333333304,2.666666666666667,1.0,0
2026-03-30,824943,Atlanta Braves,Athletics,1,0.6666666666666665,3.333333333333333,4.0,0.6666666666666666,0
2026-03-30,824702,Chicago Cubs,Los Angeles Angels,1,-0.583333333333333,-0.5,-1.0833333333333333,-0.16666666666666669,0
2026-03-30,823809,Milwaukee Brewers,Tampa Bay Rays,0,1.9999999999999991,3.9999999999999996,6.0,0.6666666666666667,0
2026-03-30,823080,St. Louis Cardinals,New York Mets,0,1.333333333333333,-3.333333333333334,-2.0,0.0,0
2026-03-30,824214,Houston Astros,Boston Red Sox,1,2.1666666666666665,-3.25,-1.0833333333333333,0.16666666666666669,0
2026-03-30,823320,San Diego Padres,San Francisco Giants,0,2.0,0.0,2.0,0.3333333333333333,0
2026-03-30,823159,Seattle Mariners,New York Yankees,1,1.166666666666667,-2.9166666666666665,-1.75,-0.5,-1
2026-03-30,825108,Arizona Diamondbacks,Detroit Tigers,1,-1.6666666666666665,-2.9999999999999996,-4.666666666666666,-0.6666666666666666,0
2026-03-30,823972,Los Angeles Dodgers,Cleveland Guardians,0,2.083333333333333,2.8333333333333335,4.916666666666666,0.5,1
2026-03-31,824861,Baltimore Orioles,Texas Rangers,0,-2.0,-0.5,-2.5,-0.25,0
2026-03-31,824537,Cincinnati Reds,Pittsburgh Pirates,0,-0.5,2.5,2.0,0.5,0
2026-03-31,823485,Philadelphia Phillies,Washington Nationals,1,-4.25,-2.5,-6.75,-0.5,0
2026-03-31,823888,Miami Marlins,Chicago White Sox,1,-1.25,4.25,3.0,0.5,0
2026-03-31,822836,Toronto Blue Jays,Colorado Rockies,1,0.0,-2.5,-2.5,0.5,0
2026-03-31,824942,Atlanta Braves,Athletics,0,1.5,3.5,5.0,0.75,0
2026-03-31,824699,Chicago Cubs,Los Angeles Angels,0,0.5999999999999996,0.7999999999999998,1.4,0.09999999999999998,0
2026-03-31,823807,Milwaukee Brewers,Tampa Bay Rays,1,1.25,2.75,4.0,0.25,0
2026-03-31,823077,St. Louis Cardinals,New York Mets,1,0.5,-3.0,-2.5,-0.25,0
2026-03-31,824212,Houston Astros,Boston Red Sox,1,3.25,-0.9500000000000002,2.3,0.35,0
2026-03-31,825107,Arizona Diamondbacks,Detroit Tigers,1,-0.5,-1.5,-2.0,-0.25,0
2026-03-31,823322,San Diego Padres,San Francisco Giants,0,1.25,-0.25,1.0,0.0,0
2026-03-31,823158,Seattle Mariners,New York Yankees,0,1.2999999999999998,-2.05,-0.75,-0.15000000000000002,0
2026-03-31,823969,Los Angeles Dodgers,Cleveland Guardians,1,1.1,1.7999999999999998,2.9,0.15000000000000002,0
2026-04-01,824940,Atlanta Braves,Athletics,1,0.5999999999999996,2.2,2.8,0.39999999999999997,0
2026-04-01,824860,Baltimore Orioles,Texas Rangers,1,-2.1999999999999997,-1.0,-3.2,-0.4,0
2026-04-01,824536,Cincinnati Reds,Pittsburgh Pirates,0,-1.4000000000000004,0.9999999999999996,-0.4,0.19999999999999996,0
2026-04-01,823483,Philadelphia Phillies,Washington Nationals,1,-3.1999999999999997,-1.7999999999999998,-5.0,-0.19999999999999996,0
2026-04-01,822835,Toronto Blue Jays,Colorado Rockies,0,0.7999999999999998,-1.2000000000000002,-0.4,0.6000000000000001,0
2026-04-01,823889,Miami Marlins,Chicago White Sox,1,0.39999999999999947,4.800000000000001,5.2,0.6000000000000001,0
2026-04-01,823078,St. Louis Cardinals,New York Mets,1,1.0,-1.8000000000000003,-0.8,0.0,0
2026-04-01,823806,Milwaukee Brewers,Tampa Bay Rays,1,1.8000000000000007,3.0,4.800000000000001,0.4,0
2026-04-01,824211,Houston Astros,Boston Red Sox,1,3.9,0.5333333333333332,4.433333333333334,0.4666666666666666,0
2026-04-01,824698,Chicago Cubs,Los Angeles Angels,1,-0.033333333333333215,0.4333333333333327,0.4,-0.09999999999999998,0
2026-04-01,825106,Arizona Diamondbacks,Detroit Tigers,1,0.0,-0.8000000000000007,-0.8,0.0,0
2026-04-01,823321,San Diego Padres,San Francisco Giants,1,-0.20000000000000018,-1.4,-1.6,-0.2,0
2026-04-01,823157,Seattle Mariners,New York Yankees,0,0.20000000000000018,-2.5666666666666664,-2.3666666666666667,-0.30000000000000004,0
2026-04-01,824136,Kansas City Royals,Minnesota Twins,1,-0.75,0.0,-0.75,0.25,0
2026-04-01,823970,Los Angeles Dodgers,Cleveland Guardians,0,1.4000000000000004,2.066666666666667,3.466666666666667,0.30000000000000004,0
2026-04-02,824133,Kansas City Royals,Minnesota Twins,0,0.20000000000000018,0.8000000000000007,1.0,0.39999999999999997,0
2026-04-02,825105,Arizona Diamondbacks,Atlanta Braves,0,0.16666666666666696,-2.5,-2.3333333333333335,-0.16666666666666663,0
2026-04-02,823242,San Francisco Giants,New York Mets,1,-1.5,-0.8333333333333335,-2.333333333333333,-0.16666666666666669,0
2026-04-03,822758,Washington Nationals,Los Angeles Dodgers,0,2.4999999999999996,-1.8333333333333335,0.6666666666666667,-0.16666666666666663,0
2026-04-03,824299,Detroit Tigers,St. Louis Cardinals,1,-0.833333333333333,0.666666666666667,-0.16666666666666666,-0.3333333333333333,0
2026-04-03,823568,New York Yankees,Miami Marlins,1,-1.5,2.0,0.5,0.0,0
2026-04-03,824786,Boston Red Sox,San Diego Padres,1,-0.33333333333333304,-1.0,-1.3333333333333333,-0.16666666666666666,0
2026-04-03,824621,Chicago White Sox,Toronto Blue Jays,1,-1.0,-3.999999999999999,-5.0,-0.5,0
2026-04-03,822919,Texas Rangers,Cincinnati Reds,0,2.4999999999999996,-0.16666666666666696,2.3333333333333335,0.16666666666666663,0
2026-04-03,824458,Cleveland Guardians,Chicago Cubs,1,-1.8571428571428572,-0.14285714285714324,-2.0,0.0714285714285714,0
2026-04-03,823732,Minnesota Twins,Tampa Bay Rays,1,-0.666666666666667,1.666666666666666,1.0,0.0,-1
2026-04-03,824377,Colorado Rockies,Philadelphia Phillies,0,0.16666666666666652,2.5,2.6666666666666665,-0.16666666666666669,0
2026-04-03,823406,Pittsburgh Pirates,Baltimore Orioles,1,0.5,0.16666666666666696,0.6666666666666666,0.0,0
2026-04-03,824056,Los Angeles Angels,Seattle Mariners,0,0.5714285714285716,-1.5714285714285716,-1.0,0.0,0
2026-04-03,825026,Athletics,Houston Astros,1,-3.5952380952380953,0.07142857142857117,-3.5238095238095237,-0.5476190476190477,0
2026-04-03,825103,Arizona Diamondbacks,Atlanta Braves,0,-1.9999999999999996,-4.285714285714286,-6.285714285714286,-0.28571428571428575,0
2026-04-03,823240,San Francisco Giants,New York Mets,0,-0.5714285714285716,0.0,-0.5714285714285714,0.0,0
2026-04-04,824622,Chicago White Sox,Toronto Blue Jays,1,-0.7142857142857144,-3.2857142857142856,-4.0,-0.2857142857142857,0
2026-04-04,824132,Kansas City Royals,Milwaukee Brewers,0,-3.6666666666666665,-1.8333333333333335,-5.5,-0.33333333333333337,-1
2026-04-04,824134,Kansas City Royals,Milwaukee Brewers,1,-3.5714285714285716,-2.0,-5.571428571428571,-0.42857142857142855,0
2026-04-04,822757,Washington Nationals,Los Angeles Dodgers,0,1.1428571428571423,-2.571428571428571,-1.4285714285714286,-0.28571428571428575,0
2026-04-04,825027,Athletics,Houston Astros,0,-2.125,0.9464285714285712,-1.1785714285714286,-0.3392857142857143,0
2026-04-04,823404,Pittsburgh Pirates,Baltimore Orioles,1,0.5714285714285712,0.2857142857142856,0.8571428571428571,0.14285714285714285,0
2026-04-04,824782,Boston Red Sox,San Diego Padres,0,0.1428571428571428,-0.42857142857142794,-0.2857142857142856,0.0,0
2026-04-04,822920,Texas Rangers,Cincinnati Reds,0,1.8571428571428572,-0.42857142857142794,1.4285714285714286,0.0,0
2026-04-04,823569,New York Yankees,Miami Marlins,1,-0.4285714285714288,2.5714285714285716,2.1428571428571423,0.1428571428571428,0
2026-04-04,823730,Minnesota Twins,Tampa Bay Rays,0,0.2857142857142865,2.2857142857142856,2.571428571428571,0.14285714285714285,0
2026-04-04,825104,Arizona Diamondbacks,Atlanta Braves,1,-2.0,-4.0,-6.0,-0.375,0
2026-04-04,824378,Colorado Rockies,Philadelphia Phillies,0,-1.1428571428571428,0.8571428571428568,-0.2857142857142857,-0.2857142857142857,0
2026-04-04,823239,San Francisco Giants,New York Mets,0,-1.375,-0.875,-2.25,-0.125,0
2026-04-04,824054,Los Angeles Angels,Seattle Mariners,1,0.25,-1.625,-1.375,-0.125,0
2026-04-05,824459,Cleveland Guardians,Chicago Cubs,0,-1.1785714285714288,0.25,-0.9285714285714286,0.19642857142857145,0
2026-04-05,824460,Cleveland Guardians,Chicago Cubs,1,-1.1111111111111112,0.05555555555555536,-1.0555555555555556,0.05555555555555558,0
2026-04-05,822756,Washington Nationals,Los Angeles Dodgers,0,0.375,-2.875,-2.5,-0.375,0
2026-04-05,823405,Pittsburgh Pirates,Baltimore Orioles,1,0.625,0.375,1.0,0.25,0
2026-04-05,824781,Boston Red Sox,San Diego Padres,0,0.0,-0.5,-0.5,-0.125,0
2026-04-05,823566,New York Yankees,Miami Marlins,0,-0.125,2.5,2.375,0.25,0
2026-04-05,823729,Minnesota Twins,Tampa Bay Rays,0,-0.5,1.25,0.75,0.0,0
2026-04-05,824620,Chicago White Sox,Toronto Blue Jays,1,-0.25,-2.5,-2.75,-0.125,0
2026-04-05,824131,Kansas City Royals,Milwaukee Brewers,0,-2.375,-1.0,-3.375,-0.25,0
2026-04-05,822917,Texas Rangers,Cincinnati Reds,0,1.375,-0.625,0.75,-0.125,0
2026-04-05,824379,Colorado Rockies,Philadelphia Phillies,1,-1.125,0.625,-0.5,-0.375,0
2026-04-05,825025,Athletics,Houston Astros,1,-3.166666666666667,-0.4722222222222223,-3.638888888888889,-0.41666666666666663,0
2026-04-05,823238,San Francisco Giants,New York Mets,0,-2.2222222222222228,-1.7777777777777772,-4.0,-0.22222222222222227,0
2026-04-05,824053,Los Angeles Angels,Seattle Mariners,1,0.33333333333333304,-1.3333333333333335,-1.0,0.0,0
2026-04-05,825102,Arizona Diamondbacks,Atlanta Braves,1,-1.666666666666667,-3.4444444444444446,-5.111111111111111,-0.2222222222222222,0
2026-04-05,824296,Detroit Tigers,St. Louis Cardinals,0,-0.14285714285714324,1.1428571428571428,1.0,-0.14285714285714285,0
2026-04-06,823002,Tampa Bay Rays,Chicago Cubs,1,0.8888888888888893,-1.7777777777777777,-0.8888888888888888,0.0,0
2026-04-06,824456,Cleveland Guardians,Kansas City Royals,0,-1.0222222222222221,1.1777777777777776,0.15555555555555556,0.15555555555555556,0
2026-04-06,823401,Pittsburgh Pirates,San Diego Padres,0,1.4444444444444446,0.5555555555555554,2.0,0.2222222222222222,0
2026-04-06,823886,Miami Marlins,Cincinnati Reds,0,2.555555555555556,-1.2222222222222219,1.3333333333333333,0.0,0
2026-04-06,822755,Washington Nationals,St. Louis Cardinals,1,1.8611111111111107,-2.1805555555555554,-0.3194444444444444,-0.2916666666666667,0
2026-04-06,824783,Boston Red Sox,Milwaukee Brewers,0,-3.3333333333333335,-1.4444444444444446,-4.777777777777778,-0.5555555555555556,0
2026-04-06,822832,Toronto Blue Jays,Los Angeles Dodgers,0,-2.2222222222222223,-0.8888888888888893,-3.111111111111111,-0.33333333333333337,0
2026-04-06,823728,Minnesota Twins,Detroit Tigers,1,0.3472222222222223,-1.1527777777777777,-0.8055555555555556,-0.041666666666666685,0
2026-04-06,824619,Chicago White Sox,Baltimore Orioles,0,0.11111111111111116,-1.7777777777777777,-1.6666666666666665,0.1111111111111111,0
2026-04-06,822918,Texas Rangers,Seattle Mariners,1,0.2999999999999998,-0.6000000000000001,-0.3,0.0444444444444444,0
2026-04-06,824376,Colorado Rockies,Houston Astros,1,-3.6666666666666665,1.7222222222222223,-1.9444444444444444,-0.26666666666666666,0
2026-04-06,824052,Los Angeles Angels,Atlanta Braves,1,-0.8000000000000007,-2.3,-3.1,-0.09999999999999998,0
2026-04-06,823237,San Francisco Giants,Philadelphia Phillies,0,-1.4,-0.4333333333333327,-1.8333333333333335,-0.2555555555555556,0
2026-04-07,824457,Cleveland Guardians,Kansas City Royals,1,-1.1090909090909093,0.8636363636363638,-0.24545454545454543,0.0,0
2026-04-07,824618,Chicago White Sox,Baltimore Orioles,0,0.0,-1.6999999999999993,-1.7,0.0,0
2026-04-07,823648,New York Mets,Arizona Diamondbacks,1,1.4000000000000004,2.0,3.4,0.09999999999999998,0
2026-04-07,823402,Pittsburgh Pirates,San Diego Padres,1,0.7999999999999998,0.0,0.8,0.09999999999999998,0
2026-04-07,822999,Tampa Bay Rays,Chicago Cubs,0,1.0,-1.4000000000000004,-0.4,0.09999999999999998,0
2026-04-07,823887,Miami Marlins,Cincinnati Reds,0,2.1000000000000005,-1.2999999999999998,0.8,-0.09999999999999998,0
2026-04-07,822754,Washington Nationals,St. Louis Cardinals,0,1.9555555555555557,-1.6111111111111107,0.34444444444444444,-0.15555555555555556,0
2026-04-07,824780,Boston Red Sox,Milwaukee Brewers,1,-3.1999999999999997,-1.5,-4.7,-0.6000000000000001,0
2026-04-07,823567,New York Yankees,Athletics,1,0.7777777777777777,3.333333333333333,4.111111111111111,0.4444444444444445,0
2026-04-07,822831,Toronto Blue Jays,Los Angeles Dodgers,0,-3.1999999999999997,-1.9999999999999996,-5.2,-0.4,0
2026-04-07,823727,Minnesota Twins,Detroit Tigers,1,0.7222222222222223,-0.5999999999999996,0.1222222222222222,0.06666666666666671,0
2026-04-07,822916,Texas Rangers,Seattle Mariners,1,0.34545454545454524,-0.42727272727272725,-0.08181818181818182,0.09999999999999998,0
2026-04-07,824375,Colorado Rockies,Houston Astros,1,-3.1,1.7181818181818187,-1.3818181818181818,-0.19999999999999996,0
2026-04-07,824051,Los Angeles Angels,Atlanta Braves,0,-0.3636363636363642,-1.727272727272727,-2.090909090909091,0.0,0
2026-04-07,823235,San Francisco Giants,Philadelphia Phillies,1,-1.472727272727273,-0.581818181818182,-2.0545454545454547,-0.3,0
2026-04-08,823403,Pittsburgh Pirates,San Diego Padres,0,1.272727272727273,0.5454545454545454,1.8181818181818181,0.19999999999999996,0
2026-04-08,824455,Cleveland Guardians,Kansas City Royals,1,-0.9090909090909092,0.856060606060606,-0.05303030303030304,0.09999999999999998,0
2026-04-08,824779,Boston Red Sox,Milwaukee Brewers,1,-2.818181818181818,-1.272727272727273,-4.090909090909091,-0.49999999999999994,0
2026-04-08,824617,Chicago White Sox,Baltimore Orioles,0,-0.18181818181818166,-1.7272727272727275,-1.9090909090909092,0.0,0
2026-04-08,822915,Texas Rangers,Seattle Mariners,1,0.3939393939393936,-0.2954545454545454,0.0984848484848485,0.3,0
2026-04-08,822833,Toronto Blue Jays,Los Angeles Dodgers,1,-3.181818181818182,-2.0909090909090904,-5.2727272727272725,-0.5,0
2026-04-08,824374,Colorado Rockies,Houston Astros,1,-2.5,1.9318181818181817,-0.5681818181818181,-0.09999999999999998,0
2026-04-08,823234,San Francisco Giants,Philadelphia Phillies,1,-0.8181818181818183,-0.022727272727272485,-0.8409090909090909,-0.09999999999999998,0
2026-04-08,822753,Washington Nationals,St. Louis Cardinals,0,1.6636363636363631,-1.5454545454545459,0.11818181818181817,-0.3,0
2026-04-08,824050,Los Angeles Angels,Atlanta Braves,0,-0.75,-2.0,-2.75,-0.09999999999999998,0
2026-04-08,823646,New York Mets,Arizona Diamondbacks,0,1.3636363636363638,1.9090909090909092,3.272727272727273,0.09999999999999998,0
2026-04-08,823000,Tampa Bay Rays,Chicago Cubs,0,0.2727272727272725,-1.9090909090909092,-1.6363636363636362,0.0,0
2026-04-08,823885,Miami Marlins,Cincinnati Reds,1,1.6363636363636367,-1.4545454545454541,0.1818181818181818,-0.30000000000000004,0
2026-04-08,823564,New York Yankees,Athletics,0,0.9000000000000004,3.2,4.1,0.5,0
2026-04-08,823726,Minnesota Twins,Detroit Tigers,1,0.854545454545454,-0.3636363636363633,0.49090909090909096,0.2,0
2026-04-09,823884,Miami Marlins,Cincinnati Reds,1,1.7500000000000004,-1.0833333333333335,0.6666666666666666,-0.19999999999999996,0
2026-04-09,823565,New York Yankees,Athletics,0,0.7272727272727275,2.818181818181818,3.545454545454546,0.29999999999999993,0
2026-04-09,823724,Minnesota Twins,Detroit Tigers,1,0.9318181818181817,-0.1363636363636367,0.7954545454545454,0.3,0
2026-04-09,823645,New York Mets,Arizona Diamondbacks,0,0.833333333333333,1.333333333333333,2.1666666666666665,-0.09999999999999998,0
2026-04-09,824130,Kansas City Royals,Chicago White Sox,0,0.3333333333333335,1.083333333333333,1.4166666666666665,0.09999999999999998,0
2026-04-09,823319,San Diego Padres,Colorado Rockies,1,-0.5833333333333335,-0.4166666666666665,-1.0,0.0,0
2026-04-10,824695,Chicago Cubs,Pittsburgh Pirates,0,0.16666666666666696,0.3333333333333335,0.5,-0.19999999999999996,0
2026-04-10,823482,Philadelphia Phillies,Arizona Diamondbacks,0,-0.5,-0.21153846153846168,-0.7115384615384616,-0.19999999999999996,1
2026-04-10,824297,Detroit Tigers,Miami Marlins,1,-1.5705128205128207,-0.09615384615384581,-1.6666666666666665,-0.4,0
2026-04-10,824534,Cincinnati Reds,Los Angeles Angels,0,-0.9230769230769229,1.0769230769230766,0.15384615384615385,0.19999999999999996,-1
2026-04-10,822829,Toronto Blue Jays,Minnesota Twins,1,-1.1987179487179485,-1.0192307692307692,-2.217948717948718,-0.3,1
2026-04-10,823643,New York Mets,Athletics,0,0.39102564102564097,1.1474358974358978,1.5384615384615383,0.0,0
2026-04-10,822997,Tampa Bay Rays,New York Yankees,1,0.08333333333333304,-3.3333333333333335,-3.25,-0.09999999999999998,1
2026-04-10,824858,Baltimore Orioles,San Francisco Giants,0,0.5961538461538463,0.301282051282052,0.8974358974358976,0.0,0
2026-04-10,824941,Atlanta Braves,Cleveland Guardians,1,1.5384615384615383,0.8461538461538458,2.3846153846153846,0.0,0
2026-04-10,824128,Kansas City Royals,Chicago White Sox,1,0.1538461538461542,0.8461538461538467,1.0000000000000002,-0.09999999999999998,0
2026-04-10,823808,Milwaukee Brewers,Washington Nationals,0,-0.08333333333333393,2.6666666666666665,2.5833333333333335,0.3,0
2026-04-10,823076,St. Louis Cardinals,Boston Red Sox,1,1.1515151515151518,-0.05303030303030365,1.0984848484848484,0.3,0
2026-04-10,823318,San Diego Padres,Colorado Rockies,1,-0.23076923076923084,-0.07692307692307665,-0.3076923076923077,0.0,0
2026-04-10,823156,Seattle Mariners,Houston Astros,1,-2.9999999999999996,2.769230769230769,-0.23076923076923078,-0.2,0
2026-04-10,823968,Los Angeles Dodgers,Texas Rangers,1,2.5833333333333335,-0.16666666666666652,2.416666666666667,0.09999999999999998,0
2026-04-11,823480,Philadelphia Phillies,Arizona Diamondbacks,1,-0.5329670329670328,-0.26923076923076916,-0.8021978021978022,-0.19999999999999996,0
2026-04-11,824294,Detroit Tigers,Miami Marlins,1,-1.324175824175824,0.0769230769230771,-1.2472527472527473,-0.3,0
2026-04-11,824697,Chicago Cubs,Pittsburgh Pirates,0,0.0,0.1538461538461542,0.15384615384615385,-0.19999999999999996,0
2026-04-11,822830,Toronto Blue Jays,Minnesota Twins,0,-0.6483516483516483,-0.510989010989011,-1.1593406593406594,-0.3,0
2026-04-11,824535,Cincinnati Reds,Los Angeles Angels,1,-1.4285714285714284,0.42857142857142794,-0.9999999999999999,0.0,0
2026-04-11,823644,New York Mets,Athletics,0,0.0769230769230771,0.7527472527472527,0.8296703296703297,-0.19999999999999996,0
2026-04-11,824129,Kansas City Royals,Chicago White Sox,1,0.2857142857142856,0.9285714285714288,1.2142857142857144,0.0,0
2026-04-11,822996,Tampa Bay Rays,New York Yankees,1,0.23076923076922995,-2.923076923076923,-2.6923076923076925,0.0,0
2026-04-11,823805,Milwaukee Brewers,Washington Nationals,0,-0.384615384615385,2.153846153846154,1.7692307692307694,0.2,0
2026-04-11,824857,Baltimore Orioles,San Francisco Giants,1,0.3351648351648353,0.05494505494505475,0.39010989010989017,-0.09999999999999998,0
2026-04-11,823074,St. Louis Cardinals,Boston Red Sox,0,1.1282051282051286,0.04487179487179471,1.1730769230769231,0.3,0
2026-04-11,824939,Atlanta Braves,Cleveland Guardians,0,1.8571428571428572,1.2142857142857144,3.0714285714285716,0.0,0
2026-04-11,823316,San Diego Padres,Colorado Rockies,1,0.0,0.1428571428571428,0.14285714285714288,0.19999999999999996,0
2026-04-11,823967,Los Angeles Dodgers,Texas Rangers,1,2.461538461538462,-0.0769230769230771,2.384615384615385,0.19999999999999996,0
2026-04-11,823155,Seattle Mariners,Houston Astros,1,-2.571428571428571,2.785714285714286,0.21428571428571427,-0.10000000000000003,0
2026-04-12,824859,Baltimore Orioles,San Francisco Giants,1,0.5904761904761906,0.3285714285714292,0.919047619047619,0.09999999999999998,0
2026-04-12,823479,Philadelphia Phillies,Arizona Diamondbacks,0,-0.4285714285714284,-0.17619047619047645,-0.6047619047619047,0.0,0
2026-04-12,822828,Toronto Blue Jays,Minnesota Twins,0,-0.804761904761905,-0.6857142857142859,-1.4904761904761905,-0.39999999999999997,0
2026-04-12,824533,Cincinnati Reds,Los Angeles Angels,0,-1.0666666666666664,0.666666666666667,-0.4,0.09999999999999998,0
2026-04-12,823642,New York Mets,Athletics,0,-0.2952380952380951,0.37619047619047663,0.08095238095238094,-0.29999999999999993,0
2026-04-12,824293,Detroit Tigers,Miami Marlins,1,-0.8904761904761904,0.41904761904761934,-0.4714285714285714,-0.10000000000000003,0
2026-04-12,822998,Tampa Bay Rays,New York Yankees,1,0.2857142857142865,-2.6428571428571432,-2.357142857142857,0.0,0
2026-04-12,824126,Kansas City Royals,Chicago White Sox,0,0.3999999999999999,1.0000000000000004,1.4000000000000004,0.0,0
2026-04-12,823804,Milwaukee Brewers,Washington Nationals,0,-0.5,1.8571428571428568,1.3571428571428572,0.2,0
2026-04-12,823075,St. Louis Cardinals,Boston Red Sox,0,0.5989010989010994,-0.40109890109890056,0.19780219780219777,0.19999999999999996,0
2026-04-12,824696,Chicago Cubs,Pittsburgh Pirates,1,-0.07142857142857117,0.07142857142857117,0.0,-0.4,0
2026-04-12,823317,San Diego Padres,Colorado Rockies,1,0.2666666666666666,0.3999999999999999,0.6666666666666666,0.30000000000000004,0
2026-04-12,823154,Seattle Mariners,Houston Astros,1,-2.333333333333334,2.6666666666666665,0.33333333333333337,0.0,0
2026-04-12,823966,Los Angeles Dodgers,Texas Rangers,0,2.4999999999999996,0.1428571428571428,2.642857142857143,0.4,0
2026-04-12,824938,Atlanta Braves,Cleveland Guardians,1,1.333333333333334,0.7333333333333334,2.0666666666666664,0.0,0
2026-04-13,823153,Seattle Mariners,Houston Astros,1,-1.875,2.8125,0.9375,0.2,0
2026-04-13,824856,Baltimore Orioles,Arizona Diamondbacks,1,0.0,0.4416666666666669,0.44166666666666665,0.0,0
2026-04-13,823400,Pittsburgh Pirates,Washington Nationals,1,-1.5333333333333332,1.9999999999999996,0.4666666666666667,0.29999999999999993,0
2026-04-13,823481,Philadelphia Phillies,Chicago Cubs,1,-0.8666666666666671,-0.8666666666666663,-1.7333333333333334,0.0,0
2026-04-13,823563,New York Yankees,Los Angeles Angels,1,-0.22916666666666696,1.8791666666666669,1.65,-0.09999999999999998,0
2026-04-13,824937,Atlanta Braves,Miami Marlins,0,1.25,1.625,2.875,0.3,0
2026-04-13,823725,Minnesota Twins,Boston Red Sox,1,0.8041666666666663,-0.30416666666666625,0.5,0.19999999999999996,0
2026-04-13,823073,St. Louis Cardinals,Cleveland Guardians,0,0.6607142857142856,-0.7410714285714288,-0.0803571428571429,0.0,0
2026-04-13,825024,Athletics,Texas Rangers,0,0.26666666666666705,-0.6666666666666665,-0.4,0.29999999999999993,0
2026-04-13,823964,Los Angeles Dodgers,New York Mets,1,2.1916666666666664,0.3291666666666666,2.5208333333333335,0.29999999999999993,0
2026-04-14,824853,Baltimore Orioles,Arizona Diamondbacks,0,0.13602941176470562,0.5220588235294121,0.6580882352941176,0.0,0
2026-04-14,824292,Detroit Tigers,Kansas City Royals,1,0.5583333333333331,0.4624999999999999,1.0208333333333333,0.0,0
2026-04-14,823398,Pittsburgh Pirates,Washington Nationals,0,-0.75,2.5625,1.8125,0.29999999999999993,0
2026-04-14,824531,Cincinnati Reds,San Francisco Giants,1,0.1875,0.125,0.3125,0.19999999999999996,0
2026-04-14,823478,Philadelphia Phillies,Chicago Cubs,0,-0.4375,-0.4375,-0.875,0.09999999999999998,0
2026-04-14,823562,New York Yankees,Los Angeles Angels,0,-0.132352941176471,1.8014705882352944,1.6691176470588236,-0.09999999999999998,0
2026-04-14,824935,Atlanta Braves,Miami Marlins,1,0.8235294117647056,1.176470588235294,2.0,0.09999999999999998,0
2026-04-14,823723,Minnesota Twins,Boston Red Sox,1,1.1617647058823533,0.15808823529411775,1.3198529411764706,0.19999999999999996,0
2026-04-14,824616,Chicago White Sox,Tampa Bay Rays,0,-1.604166666666667,0.39583333333333304,-1.2083333333333335,-0.09999999999999998,0
2026-04-14,823802,Milwaukee Brewers,Toronto Blue Jays,0,1.5333333333333332,1.2000000000000002,2.7333333333333334,0.2,0
2026-04-14,823072,St. Louis Cardinals,Cleveland Guardians,1,0.2588235294117647,-1.0823529411764712,-0.8235294117647058,-0.09999999999999998,0
2026-04-14,824210,Houston Astros,Colorado Rockies,1,1.5257352941176467,-1.8566176470588234,-0.3308823529411765,-0.30000000000000004,-1
2026-04-14,823315,San Diego Padres,Seattle Mariners,1,0.5661764705882355,-0.3382352941176472,0.2279411764705882,0.30000000000000004,1
2026-04-14,825022,Athletics,Texas Rangers,1,-0.1875,-1.0625,-1.25,0.19999999999999996,0
2026-04-14,823965,Los Angeles Dodgers,New York Mets,1,2.2904411764705883,0.5588235294117645,2.849264705882353,0.4,0
2026-04-15,824855,Baltimore Orioles,Arizona Diamondbacks,0,0.06862745098039191,0.43790849673202636,0.5065359477124183,-0.09999999999999998,0
2026-04-15,823071,St. Louis Cardinals,Cleveland Guardians,1,0.3125,-0.9652777777777777,-0.6527777777777778,0.0,0
2026-04-15,823722,Minnesota Twins,Boston Red Sox,0,1.4444444444444446,0.48692810457516345,1.9313725490196079,0.4,0
2026-04-15,824291,Detroit Tigers,Kansas City Royals,1,0.5772058823529411,0.5036764705882355,1.0808823529411766,0.09999999999999998,0
2026-04-15,823399,Pittsburgh Pirates,Washington Nationals,1,-0.7647058823529411,2.352941176470588,1.5882352941176472,0.09999999999999998,0
2026-04-15,824532,Cincinnati Reds,San Francisco Giants,1,0.23529411764705888,0.1764705882352935,0.41176470588235303,0.3,0
2026-04-15,823477,Philadelphia Phillies,Chicago Cubs,0,-0.764705882352942,-0.7647058823529411,-1.5294117647058822,-0.09999999999999998,0
2026-04-15,823561,New York Yankees,Los Angeles Angels,1,-0.47058823529411775,1.3562091503267975,0.8856209150326797,-0.3,0
2026-04-15,824936,Atlanta Braves,Miami Marlins,1,0.833333333333333,1.166666666666667,2.0,0.09999999999999998,0
2026-04-15,824615,Chicago White Sox,Tampa Bay Rays,0,-1.698529411764706,0.194852941176471,-1.5036764705882353,-0.29999999999999993,0
2026-04-15,823803,Milwaukee Brewers,Toronto Blue Jays,1,1.3125,1.0,2.3125,0.0,0
2026-04-15,824209,Houston Astros,Colorado Rockies,1,1.4901960784313726,-1.689542483660131,-0.19934640522875824,-0.2,0
2026-04-15,823314,San Diego Padres,Seattle Mariners,1,0.6993464052287579,-0.14379084967320255,0.5555555555555556,0.5,0
2026-04-15,825021,Athletics,Texas Rangers,1,-0.11764705882352944,-0.9411764705882351,-1.0588235294117647,0.19999999999999996,0
2026-04-15,823963,Los Angeles Dodgers,New York Mets,1,2.2058823529411766,0.5915032679738563,2.7973856209150325,0.5,0
2026-04-16,823396,Pittsburgh Pirates,Washington Nationals,0,-0.6111111111111107,2.333333333333333,1.7222222222222223,0.09999999999999998,0
2026-04-16,824530,Cincinnati Reds,San Francisco Giants,0,0.5,0.44444444444444464,0.9444444444444444,0.3,0
2026-04-16,824289,Detroit Tigers,Kansas City Royals,1,0.5947712418300655,0.5392156862745101,1.1339869281045751,0.2,0
2026-04-16,823560,New York Yankees,Los Angeles Angels,0,-0.3918128654970765,1.3362573099415207,0.9444444444444444,-0.2,0
2026-04-16,823801,Milwaukee Brewers,Toronto Blue Jays,1,1.2941176470588234,1.0,2.2941176470588234,0.0,0
2026-04-16,824614,Chicago White Sox,Tampa Bay Rays,0,-1.892156862745098,-0.1013071895424833,-1.9934640522875817,-0.5,0
2026-04-16,825023,Athletics,Texas Rangers,0,-0.05555555555555536,-0.8333333333333339,-0.8888888888888888,0.30000000000000004,0
2026-04-16,824453,Cleveland Guardians,Baltimore Orioles,1,-0.33040935672514626,0.07017543859649056,-0.26023391812865493,-0.09999999999999998,0
2026-04-16,824208,Houston Astros,Colorado Rockies,0,1.526315789473684,-1.5,0.026315789473684237,-0.2,0
2026-04-16,823313,San Diego Padres,Seattle Mariners,1,0.7222222222222223,-0.09064327485380108,0.631578947368421,0.5,0
2026-04-17,824693,Chicago Cubs,New York Mets,1,1.801169590643275,-0.008771929824561653,1.7923976608187133,0.3,0
2026-04-17,824454,Cleveland Guardians,Baltimore Orioles,0,-0.20789473684210513,0.16578947368421026,-0.04210526315789476,-0.09999999999999998,0
2026-04-17,823476,Philadelphia Phillies,Atlanta Braves,0,-1.5789473684210522,-2.1257309941520472,-3.7046783625730995,-0.3,0
2026-04-17,822752,Washington Nationals,San Francisco Giants,0,2.5789473684210527,-1.8421052631578947,0.7368421052631579,0.19999999999999996,0
2026-04-17,823397,Pittsburgh Pirates,Tampa Bay Rays,1,-0.05555555555555536,1.0555555555555554,1.0,-0.30000000000000004,0
2026-04-17,823559,New York Yankees,Kansas City Royals,1,1.1052631578947367,0.1578947368421053,1.263157894736842,0.0,0
2026-04-17,823883,Miami Marlins,Milwaukee Brewers,0,-0.4239766081871341,-0.3596491228070171,-0.783625730994152,-0.10000000000000003,1
2026-04-17,824778,Boston Red Sox,Detroit Tigers,1,0.22222222222222232,-1.1666666666666665,-0.9444444444444444,-0.09999999999999998,1
2026-04-17,824207,Houston Astros,St. Louis Cardinals,0,0.9970588235294118,-0.7911764705882351,0.20588235294117652,-0.39999999999999997,-1
2026-04-17,823720,Minnesota Twins,Cincinnati Reds,0,2.052631578947369,-0.47368421052631593,1.5789473684210527,0.30000000000000004,1
2026-04-17,824373,Colorado Rockies,Los Angeles Dodgers,0,-1.8859649122807016,-1.090643274853801,-2.9766081871345027,-0.4,-1
2026-04-17,824048,Los Angeles Angels,San Diego Padres,1,0.5131578947368425,-1.2684210526315791,-0.755263157894737,-0.4,0
2026-04-17,823152,Seattle Mariners,Texas Rangers,0,-0.4157894736842107,-0.015789473684210797,-0.431578947368421,-0.19999999999999996,0
2026-04-17,825101,Arizona Diamondbacks,Toronto Blue Jays,1,0.5906432748538011,0.5877192982456148,1.1783625730994152,0.39999999999999997,1
2026-04-17,825019,Athletics,Chicago White Sox,0,0.9473684210526319,0.6315789473684212,1.5789473684210527,0.49999999999999994,0
2026-04-18,823558,New York Yankees,Kansas City Royals,1,1.15,0.25000000000000044,1.4,0.09999999999999998,0
2026-04-18,823721,Minnesota Twins,Cincinnati Reds,0,1.9000000000000004,-0.5000000000000004,1.4,0.19999999999999996,0
2026-04-18,824694,Chicago Cubs,New York Mets,1,2.128947368421052,0.3921052631578945,2.5210526315789474,0.5,0
2026-04-18,823394,Pittsburgh Pirates,Tampa Bay Rays,0,0.1578947368421053,1.202631578947368,1.3605263157894736,-0.09999999999999998,0
2026-04-18,822751,Washington Nationals,San Francisco Giants,0,2.1999999999999997,-2.0,0.19999999999999996,0.0,0
2026-04-18,825020,Athletics,Chicago White Sox,1,0.5499999999999998,0.25,0.7999999999999999,0.39999999999999997,0
2026-04-18,824775,Boston Red Sox,Detroit Tigers,0,0.2631578947368425,-1.0526315789473681,-0.7894736842105263,0.0,0
2026-04-18,823882,Miami Marlins,Milwaukee Brewers,0,-0.507894736842105,-0.4394736842105269,-0.9473684210526315,-0.10000000000000003,0
2026-04-18,824451,Cleveland Guardians,Baltimore Orioles,1,-0.29761904761904745,0.061904761904761685,-0.2357142857142857,-0.09999999999999998,0
2026-04-18,824206,Houston Astros,St. Louis Cardinals,0,0.6746031746031749,-1.0,-0.3253968253968254,-0.39999999999999997,0
2026-04-18,823151,Seattle Mariners,Texas Rangers,1,-0.6357142857142852,-0.26190476190476186,-0.8976190476190475,-0.19999999999999996,0
2026-04-18,823474,Philadelphia Phillies,Atlanta Braves,0,-1.960526315789474,-2.478947368421052,-4.439473684210526,-0.39999999999999997,0
2026-04-18,824372,Colorado Rockies,Los Angeles Dodgers,1,-2.094736842105263,-1.3421052631578947,-3.4368421052631577,-0.5,0
2026-04-18,825098,Arizona Diamondbacks,Toronto Blue Jays,1,0.7131578947368422,0.7105263157894735,1.4236842105263157,0.39999999999999997,0
2026-04-18,824049,Los Angeles Angels,San Diego Padres,0,0.8809523809523814,-0.8166666666666669,0.06428571428571428,-0.30000000000000004,0
2026-04-19,822750,Washington Nationals,San Francisco Giants,1,2.047619047619047,-1.9523809523809526,0.09523809523809523,-0.09999999999999998,0
2026-04-19,823393,Pittsburgh Pirates,Tampa Bay Rays,1,0.0952380952380949,1.102380952380953,1.1976190476190476,-0.19999999999999996,0
2026-04-19,823556,New York Yankees,Kansas City Royals,1,1.5238095238095242,0.6666666666666665,2.1904761904761907,0.2,0
2026-04-19,824452,Cleveland Guardians,Baltimore Orioles,1,-0.18831168831168865,0.1493506493506489,-0.038961038961038974,0.0,0
2026-04-19,823881,Miami Marlins,Milwaukee Brewers,1,-0.6261904761904766,-0.5666666666666673,-1.1928571428571428,-0.10000000000000003,0
2026-04-19,824205,Houston Astros,St. Louis Cardinals,0,0.535885167464115,-1.0454545454545459,-0.5095693779904307,-0.49999999999999994,0
2026-04-19,823718,Minnesota Twins,Cincinnati Reds,0,1.7619047619047623,-0.5238095238095242,1.2380952380952381,0.09999999999999998,0
2026-04-19,824691,Chicago Cubs,New York Mets,1,2.119047619047619,0.4738095238095239,2.5928571428571425,0.7,0
2026-04-19,824371,Colorado Rockies,Los Angeles Dodgers,1,-1.9404761904761907,-1.2285714285714286,-3.169047619047619,-0.39999999999999997,0
2026-04-19,825018,Athletics,Chicago White Sox,0,0.5714285714285716,0.2857142857142856,0.8571428571428572,0.39999999999999997,0
2026-04-19,824047,Los Angeles Angels,San Diego Padres,0,0.7056277056277054,-0.9220779220779223,-0.21645021645021645,-0.4,0
2026-04-19,823150,Seattle Mariners,Texas Rangers,1,-0.42207792207792183,-0.06060606060606055,-0.4826839826839827,0.0,0
2026-04-19,825100,Arizona Diamondbacks,Toronto Blue Jays,0,0.8738095238095238,0.8690476190476186,1.7428571428571429,0.5,0
2026-04-19,824777,Boston Red Sox,Detroit Tigers,0,0.10000000000000009,-1.15,-1.05,-0.09999999999999998,0
2026-04-19,823475,Philadelphia Phillies,Atlanta Braves,0,-1.9690476190476187,-2.45,-4.419047619047619,-0.6000000000000001,0
2026-04-20,824776,Boston Red Sox,Detroit Tigers,1,-0.09523809523809534,-1.2857142857142856,-1.380952380952381,-0.30000000000000004,0
2026-04-20,824450,Cleveland Guardians,Houston Astros,0,-1.1304347826086962,1.9565217391304355,0.8260869565217391,0.3,0
2026-04-20,822994,Tampa Bay Rays,Cincinnati Reds,0,1.3593073593073597,-1.2813852813852815,0.07792207792207795,0.09999999999999998,0
2026-04-20,823879,Miami Marlins,St. Louis Cardinals,1,-0.3045454545454538,0.40909090909090917,0.10454545454545454,-0.39999999999999997,0
2026-04-20,822749,Washington Nationals,Atlanta Braves,0,-0.04545454545454586,-3.1363636363636362,-3.1818181818181817,-0.20000000000000007,0
2026-04-20,824125,Kansas City Royals,Baltimore Orioles,0,-0.9090909090909096,-0.22727272727272751,-1.1363636363636365,-0.2,0
2026-04-20,824692,Chicago Cubs,Philadelphia Phillies,1,1.7619047619047614,1.4761904761904767,3.238095238095238,0.49999999999999994,0
2026-04-20,824370,Colorado Rockies,Los Angeles Dodgers,0,-1.716450216450216,-1.0238095238095237,-2.74025974025974,-0.3,0
2026-04-20,824046,Los Angeles Angels,Toronto Blue Jays,0,1.0476190476190474,0.6687370600414084,1.7163561076604554,0.09999999999999998,0
2026-04-20,823149,Seattle Mariners,Athletics,0,-0.22332015810276706,1.347826086956522,1.1245059288537549,0.0,0
2026-04-21,824448,Cleveland Guardians,Houston Astros,1,-1.375,1.583333333333334,0.20833333333333331,0.2,0
2026-04-21,822995,Tampa Bay Rays,Cincinnati Reds,0,1.0750988142292495,-1.4446640316205537,-0.3695652173913043,0.0,0
2026-04-21,823880,Miami Marlins,St. Louis Cardinals,0,-0.1966873706004142,0.47826086956521774,0.2815734989648033,-0.3,0
2026-04-21,824290,Detroit Tigers,Milwaukee Brewers,0,-1.0021645021645016,0.6428571428571432,-0.35930735930735935,0.4,-1
2026-04-21,822747,Washington Nationals,Atlanta Braves,1,-0.2608695652173916,-3.217391304347826,-3.4782608695652173,-0.30000000000000004,0
2026-04-21,824773,Boston Red Sox,New York Yankees,0,-0.9545454545454541,-0.9090909090909096,-1.8636363636363638,0.0,-1
2026-04-21,823640,New York Mets,Minnesota Twins,0,-1.818181818181818,0.1363636363636367,-1.6818181818181819,-0.5,0
2026-04-21,824127,Kansas City Royals,Baltimore Orioles,1,-0.956521739130435,-0.3043478260869561,-1.2608695652173911,-0.3,0
2026-04-21,824690,Chicago Cubs,Philadelphia Phillies,1,1.8636363636363638,1.5909090909090904,3.4545454545454546,0.49999999999999994,0
2026-04-21,822914,Texas Rangers,Pittsburgh Pirates,1,-0.954545454545455,0.27272727272727293,-0.6818181818181819,-0.19999999999999996,0
2026-04-21,824369,Colorado Rockies,San Diego Padres,0,-0.3636363636363633,-1.2351778656126484,-1.5988142292490117,-0.6000000000000001,-1
2026-04-21,824045,Los Angeles Angels,Toronto Blue Jays,0,0.875,0.5037878787878789,1.3787878787878787,0.0,0
2026-04-21,823148,Seattle Mariners,Athletics,0,-0.30072463768115965,1.2065217391304346,0.9057971014492753,-0.09999999999999998,0
2026-04-21,825099,Arizona Diamondbacks,Chicago White Sox,0,0.7727272727272729,0.5,1.272727272727273,0.29999999999999993,0
2026-04-21,823236,San Francisco Giants,Los Angeles Dodgers,1,-2.6363636363636367,-0.9090909090909087,-3.5454545454545454,-0.19999999999999996,1
2026-04-22,823878,Miami Marlins,St. Louis Cardinals,1,-0.2727272727272725,0.3674242424242422,0.0946969696969697,-0.3,0
2026-04-22,824449,Cleveland Guardians,Houston Astros,0,-1.2000000000000002,1.6399999999999997,0.43999999999999995,0.2,0
2026-04-22,822993,Tampa Bay Rays,Cincinnati Reds,1,0.7826086956521738,-1.6467391304347823,-0.8641304347826086,-0.20000000000000007,0
2026-04-22,824123,Kansas City Royals,Baltimore Orioles,0,-0.8750000000000004,-0.25,-1.125,-0.2,0
2026-04-22,824044,Los Angeles Angels,Toronto Blue Jays,1,0.7599999999999998,0.3930434782608696,1.1530434782608694,0.0,0
2026-04-22,823147,Seattle Mariners,Athletics,1,-0.41000000000000014,1.0333333333333332,0.6233333333333334,-0.19999999999999996,0
2026-04-22,824286,Detroit Tigers,Milwaukee Brewers,1,-1.320158102766798,0.2667984189723325,-1.0533596837944663,0.19999999999999996,0
2026-04-22,822748,Washington Nationals,Atlanta Braves,0,0.04166666666666696,-2.7916666666666665,-2.75,-0.19999999999999996,0
2026-04-22,824774,Boston Red Sox,New York Yankees,0,-1.0869565217391304,-1.0434782608695654,-2.1304347826086953,-0.09999999999999998,0
2026-04-22,823641,New York Mets,Minnesota Twins,1,-1.8260869565217397,0.04347826086956541,-1.782608695652174,-0.5,0
2026-04-22,824688,Chicago Cubs,Philadelphia Phillies,1,1.9130434782608696,1.6521739130434785,3.5652173913043477,0.6000000000000001,0
2026-04-22,822913,Texas Rangers,Pittsburgh Pirates,0,-0.7391304347826084,0.43478260869565233,-0.30434782608695643,0.0,0
2026-04-22,824367,Colorado Rockies,San Diego Padres,1,-0.3840579710144927,-1.2318840579710146,-1.6159420289855073,-0.6000000000000001,0
2026-04-22,825097,Arizona Diamondbacks,Chicago White Sox,1,0.47826086956521685,0.21739130434782616,0.6956521739130435,0.19999999999999996,0
2026-04-22,823231,San Francisco Giants,Los Angeles Dodgers,1,-2.4347826086956523,-0.7826086956521738,-3.217391304347826,-0.09999999999999998,0
2026-04-23,822745,Washington Nationals,Atlanta Braves,0,-0.040000000000000036,-2.7600000000000002,-2.8,-0.4,0
2026-04-23,824288,Detroit Tigers,Milwaukee Brewers,1,-1.1340579710144931,0.38224637681159424,-0.7518115942028984,0.19999999999999996,0
2026-04-23,824689,Chicago Cubs,Philadelphia Phillies,1,2.0416666666666665,1.7916666666666665,3.8333333333333335,0.8,0
2026-04-23,824368,Colorado Rockies,San Diego Padres,0,-0.16666666666666696,-0.9749999999999996,-1.1416666666666666,-0.4,0
2026-04-23,825096,Arizona Diamondbacks,Chicago White Sox,0,0.625,0.375,0.9999999999999999,0.19999999999999996,0
2026-04-23,823233,San Francisco Giants,Los Angeles Dodgers,0,-2.208333333333333,-0.6250000000000004,-2.833333333333333,0.0,0
2026-04-23,824770,Boston Red Sox,New York Yankees,0,-1.166666666666667,-1.1249999999999996,-2.2916666666666665,-0.29999999999999993,0
2026-04-23,823639,New York Mets,Minnesota Twins,1,-1.708333333333333,0.08333333333333393,-1.625,-0.4,0
2026-04-23,822912,Texas Rangers,Pittsburgh Pirates,1,-0.875,0.25000000000000044,-0.625,0.0,0
2026-04-24,824529,Cincinnati Reds,Detroit Tigers,1,-0.2400000000000002,-0.16000000000000014,-0.4,0.0,1
2026-04-24,824854,Baltimore Orioles,Boston Red Sox,1,0.7600000000000002,-0.040000000000000036,0.72,0.10000000000000003,1
2026-04-24,822827,Toronto Blue Jays,Cleveland Guardians,0,-0.08012820512820484,-0.7307692307692308,-0.8108974358974359,-0.09999999999999998,0
2026-04-24,823638,New York Mets,Colorado Rockies,0,-0.6338461538461542,0.32769230769230706,-0.3061538461538461,-0.2,0
2026-04-24,822992,Tampa Bay Rays,Minnesota Twins,1,-0.24666666666666703,-0.6933333333333334,-0.94,0.19999999999999996,1
2026-04-24,824932,Atlanta Braves,Philadelphia Phillies,1,2.209230769230769,2.215384615384615,4.424615384615384,0.7000000000000001,0
2026-04-24,824124,Kansas City Royals,Los Angeles Angels,1,-1.3261538461538458,-0.45846153846153825,-1.7846153846153845,-0.30000000000000004,0
2026-04-24,824611,Chicago White Sox,Washington Nationals,1,-1.3784615384615382,1.0307692307692307,-0.34769230769230774,0.09999999999999998,0
2026-04-24,823800,Milwaukee Brewers,Pittsburgh Pirates,0,0.24666666666666703,-0.08833333333333293,0.15833333333333333,0.0,0
2026-04-24,822909,Texas Rangers,Athletics,0,0.040000000000000036,1.1599999999999997,1.2,0.0,-1
2026-04-24,824204,Houston Astros,New York Yankees,0,0.38923076923076927,-2.3692307692307693,-1.98,-0.4,1
2026-04-24,823069,St. Louis Cardinals,Seattle Mariners,0,0.7240802675585285,-1.0618729096989972,-0.3377926421404682,0.19999999999999996,0
2026-04-24,823962,Los Angeles Dodgers,Chicago Cubs,0,-0.07999999999999918,0.56,0.4800000000000002,-0.30000000000000004,0
2026-04-24,823232,San Francisco Giants,Miami Marlins,0,-1.2400000000000002,0.40000000000000036,-0.84,0.09999999999999998,-1
2026-04-25,824851,Baltimore Orioles,Boston Red Sox,0,1.0000000000000004,0.23076923076923084,1.2307692307692308,0.10000000000000003,0
2026-04-25,823070,St. Louis Cardinals,Seattle Mariners,0,0.6481481481481484,-1.050925925925926,-0.4027777777777778,0.19999999999999996,0
2026-04-25,822826,Toronto Blue Jays,Cleveland Guardians,1,-0.14518518518518508,-0.7866666666666671,-0.9318518518518519,-0.09999999999999998,0
2026-04-25,823229,San Francisco Giants,Miami Marlins,1,-1.384615384615385,0.1923076923076925,-1.1923076923076923,0.0,0
2026-04-25,822989,Tampa Bay Rays,Minnesota Twins,1,-0.08153846153846178,-0.5076923076923077,-0.5892307692307692,0.3,0
2026-04-25,824613,Chicago White Sox,Washington Nationals,0,-1.2891737891737893,1.031339031339031,-0.25783475783475784,0.2,0
2026-04-25,825093,Arizona Diamondbacks,San Diego Padres,0,0.23999999999999932,-1.1600000000000001,-0.9199999999999999,-0.20000000000000007,0
2026-04-25,822910,Texas Rangers,Athletics,1,-0.23076923076923084,0.8461538461538463,0.6153846153846154,-0.19999999999999996,0
2026-04-25,824121,Kansas City Royals,Los Angeles Angels,1,-1.1623931623931623,-0.32763532763532766,-1.4900284900284901,-0.2,0
2026-04-25,824203,Houston Astros,New York Yankees,0,0.06837606837606813,-2.576923076923077,-2.5085470085470085,-0.4,0
2026-04-25,823799,Milwaukee Brewers,Pittsburgh Pirates,0,-0.0015384615384617106,-0.3184615384615386,-0.31999999999999995,0.0,0
2026-04-25,824527,Cincinnati Reds,Detroit Tigers,1,-0.1923076923076925,-0.11538461538461497,-0.3076923076923077,0.20000000000000007,0
2026-04-25,823960,Los Angeles Dodgers,Chicago Cubs,1,-0.1538461538461533,0.4615384615384617,0.3076923076923075,-0.5,0
2026-04-25,824933,Atlanta Braves,Philadelphia Phillies,0,2.202279202279202,2.2065527065527064,4.408831908831909,0.9,0
2026-04-26,824852,Baltimore Orioles,Boston Red Sox,0,0.37037037037037024,-0.37037037037037024,0.0,0.0,0
2026-04-26,824934,Atlanta Braves,Philadelphia Phillies,1,2.0105820105820107,2.0198412698412698,4.03042328042328,0.7000000000000001,0
2026-04-26,822824,Toronto Blue Jays,Cleveland Guardians,1,-0.06593406593406659,-0.6813186813186816,-0.7472527472527473,-0.09999999999999998,0
2026-04-26,824528,Cincinnati Reds,Detroit Tigers,0,0.0740740740740744,0.14814814814814792,0.2222222222222222,0.30000000000000004,0
2026-04-26,823635,New York Mets,Colorado Rockies,0,-0.6481481481481479,0.2792022792022788,-0.368945868945869,-0.3,0
2026-04-26,823637,New York Mets,Colorado Rockies,0,-0.6997354497354493,0.19973544973544932,-0.5,-0.39999999999999997,0
2026-04-26,822991,Tampa Bay Rays,Minnesota Twins,1,0.10826210826210847,-0.29772079772079785,-0.18945868945868946,0.39999999999999997,0
2026-04-26,824612,Chicago White Sox,Washington Nationals,0,-1.351851851851852,0.886243386243386,-0.4656084656084656,0.09999999999999998,0
2026-04-26,824202,Houston Astros,New York Yankees,1,-0.11640211640211628,-2.6640211640211637,-2.7804232804232805,-0.6000000000000001,0
2026-04-26,823797,Milwaukee Brewers,Pittsburgh Pirates,1,-0.11538461538461497,-0.42022792022791977,-0.5356125356125357,-0.09999999999999998,0
2026-04-26,823068,St. Louis Cardinals,Seattle Mariners,0,0.572857142857143,-1.1114285714285717,-0.5385714285714286,0.09999999999999998,0
2026-04-26,822911,Texas Rangers,Athletics,0,-0.18518518518518512,0.8518518518518521,0.6666666666666666,0.0,0
2026-04-26,825094,Arizona Diamondbacks,San Diego Padres,1,0.1538461538461533,-1.1923076923076925,-1.0384615384615385,-0.30000000000000004,0
2026-04-26,823230,San Francisco Giants,Miami Marlins,1,-1.1851851851851851,0.3333333333333339,-0.8518518518518519,0.19999999999999996,0
2026-04-26,824122,Kansas City Royals,Los Angeles Angels,1,-0.7169312169312172,0.08201058201058231,-0.6349206349206349,0.0,0
2026-04-26,823959,Los Angeles Dodgers,Chicago Cubs,1,0.1481481481481488,0.7407407407407405,0.8888888888888886,-0.4,0
2026-04-27,824446,Cleveland Guardians,Tampa Bay Rays,0,-0.8199233716475103,0.5810983397190288,-0.2388250319284802,-0.09999999999999998,0
2026-04-27,823395,Pittsburgh Pirates,St. Louis Cardinals,0,0.24450549450549453,0.9972527472527473,1.2417582417582418,0.0,0
2026-04-27,822825,Toronto Blue Jays,Boston Red Sox,0,-0.10449735449735442,-0.3544973544973544,-0.458994708994709,0.09999999999999998,0
2026-04-27,823719,Minnesota Twins,Seattle Mariners,1,0.6453201970443354,-0.8522167487684729,-0.20689655172413793,-0.5,0
2026-04-27,824609,Chicago White Sox,Los Angeles Angels,1,-0.7573891625615765,-0.07142857142857117,-0.8288177339901479,0.2,0
2026-04-27,822906,Texas Rangers,New York Yankees,0,-1.1785714285714288,-0.2142857142857144,-1.3928571428571428,-0.30000000000000004,0
2026-04-27,823311,San Diego Padres,Chicago Cubs,1,-0.7658730158730158,0.1031746031746037,-0.6626984126984128,-0.10000000000000009,0
2026-04-27,823961,Los Angeles Dodgers,Miami Marlins,1,1.1785714285714288,1.2142857142857144,2.392857142857143,0.09999999999999998,0
2026-04-28,824447,Cleveland Guardians,Tampa Bay Rays,0,-0.8214285714285712,0.5214285714285714,-0.3,-0.19999999999999996,0
2026-04-28,824849,Baltimore Orioles,Houston Astros,1,-0.7426108374384235,1.0,0.2573891625615764,0.10000000000000003,0
2026-04-28,824526,Cincinnati Reds,Colorado Rockies,1,0.1453201970443354,0.2697044334975365,0.4150246305418719,0.09999999999999998,0
2026-04-28,823390,Pittsburgh Pirates,St. Louis Cardinals,0,0.16858237547892774,0.8863346104725416,1.0549169859514687,0.0,0
2026-04-28,823473,Philadelphia Phillies,San Francisco Giants,1,0.17857142857142838,-1.5,-1.3214285714285716,-0.6,0
2026-04-28,822823,Toronto Blue Jays,Boston Red Sox,1,-0.2783251231527095,-0.514778325123153,-0.7931034482758621,0.09999999999999998,0
2026-04-28,823636,New York Mets,Washington Nationals,1,-2.0935960591133007,1.5394088669950738,-0.5541871921182265,-0.2,0
2026-04-28,824931,Atlanta Braves,Detroit Tigers,1,1.402709359605912,0.660098522167488,2.062807881773399,0.30000000000000004,0
2026-04-28,823716,Minnesota Twins,Seattle Mariners,0,0.8643678160919546,-0.5896551724137931,0.27471264367816095,-0.39999999999999997,0
2026-04-28,824610,Chicago White Sox,Los Angeles Angels,1,-0.6942528735632179,-0.03793103448275925,-0.7321839080459771,0.39999999999999997,0
2026-04-28,823798,Milwaukee Brewers,Arizona Diamondbacks,1,0.0,0.8888888888888893,0.8888888888888888,-0.09999999999999998,0
2026-04-28,822908,Texas Rangers,New York Yankees,0,-1.206896551724138,-0.27586206896551735,-1.4827586206896552,-0.5,0
2026-04-28,825017,Athletics,Kansas City Royals,0,0.07142857142857117,0.3214285714285712,0.3928571428571429,0.09999999999999998,0
2026-04-28,823310,San Diego Padres,Chicago Cubs,0,-0.6650246305418719,0.1650246305418719,-0.5,0.0,0
2026-04-28,823956,Los Angeles Dodgers,Miami Marlins,0,1.1724137931034484,1.2068965517241383,2.379310344827586,0.09999999999999998,0
2026-04-29,824445,Cleveland Guardians,Tampa Bay Rays,1,-0.8186874304783087,0.4616240266963292,-0.35706340378198,-0.29999999999999993,0
2026-04-29,824608,Chicago White Sox,Los Angeles Angels,1,-0.5741935483870968,0.0634408602150538,-0.510752688172043,0.5,0
2026-04-29,823717,Minnesota Twins,Seattle Mariners,0,0.6387096774193548,-0.7666666666666666,-0.12795698924731183,-0.49999999999999994,0
2026-04-29,822907,Texas Rangers,New York Yankees,1,-1.1999999999999997,-0.30000000000000027,-1.5,-0.6000000000000001,0
2026-04-29,822821,Toronto Blue Jays,Boston Red Sox,1,-0.17011494252873538,-0.39195402298850635,-0.5620689655172413,0.19999999999999996,0
2026-04-29,823958,Los Angeles Dodgers,Miami Marlins,0,1.0999999999999996,1.1333333333333337,2.2333333333333334,0.0,0
2026-04-29,823312,San Diego Padres,Chicago Cubs,0,-0.8114942528735636,-0.01149425287356376,-0.8229885057471265,-0.09999999999999998,0
2026-04-29,824525,Cincinnati Reds,Colorado Rockies,0,0.3103448275862073,0.4298850574712638,0.7402298850574712,0.20000000000000007,0
2026-04-29,823392,Pittsburgh Pirates,St. Louis Cardinals,0,0.014285714285714235,0.7285714285714286,0.7428571428571429,-0.09999999999999998,0
2026-04-29,823633,New York Mets,Washington Nationals,0,-1.7517241379310349,1.7597701149425289,0.008045977011494343,-0.10000000000000003,0
2026-04-29,824930,Atlanta Braves,Detroit Tigers,1,1.4586206896551728,0.7390804597701153,2.197701149425287,0.30000000000000004,0
2026-04-29,823796,Milwaukee Brewers,Arizona Diamondbacks,0,0.39285714285714324,1.25,1.6428571428571428,0.0,0
2026-04-29,825015,Athletics,Kansas City Royals,1,-0.0344827586206895,0.2068965517241379,0.1724137931034483,0.0,0
2026-04-30,824929,Atlanta Braves,Detroit Tigers,0,1.4451612903225808,0.7473118279569895,2.19247311827957,0.4,0
2026-04-30,824848,Baltimore Orioles,Houston Astros,1,-0.6505747126436789,1.0356321839080458,0.38505747126436785,0.2,0
2026-04-30,824850,Baltimore Orioles,Houston Astros,0,-0.39784946236559104,1.2301075268817208,0.832258064516129,0.2,0
2026-04-30,823391,Pittsburgh Pirates,St. Louis Cardinals,0,-0.018909899888765125,0.6707452725250276,0.6518353726362625,-0.09999999999999998,0
2026-04-30,823472,Philadelphia Phillies,San Francisco Giants,1,0.41379310344827624,-1.206896551724138,-0.793103448275862,-0.39999999999999997,0
2026-04-30,823471,Philadelphia Phillies,San Francisco Giants,1,0.43333333333333357,-1.1333333333333329,-0.7000000000000001,-0.2,0
2026-04-30,824524,Cincinnati Reds,Colorado Rockies,1,-0.05698924731182764,0.051612903225805695,-0.005376344086021501,0.09999999999999998,0
2026-04-30,823634,New York Mets,Washington Nationals,0,-2.083870967741935,1.3053763440860218,-0.7784946236559139,-0.2,0
2026-04-30,823795,Milwaukee Brewers,Arizona Diamondbacks,1,0.2413793103448274,1.068965517241379,1.3103448275862069,-0.09999999999999998,0
2026-04-30,825016,Athletics,Kansas City Royals,1,0.06666666666666732,0.2999999999999998,0.36666666666666664,0.09999999999999998,0
2026-04-30,823714,Minnesota Twins,Toronto Blue Jays,1,0.7086021505376348,-0.14086021505376323,0.567741935483871,-0.49999999999999994,0
2026-05-01,824686,Chicago Cubs,Arizona Diamondbacks,1,0.7516129032258059,1.17741935483871,1.9290322580645163,0.29999999999999993,1
2026-05-01,824287,Detroit Tigers,Texas Rangers,0,0.35483870967741904,-0.4838709677419355,-0.12903225806451613,0.0,-1
2026-05-01,823389,Pittsburgh Pirates,Cincinnati Reds,1,0.49092741935483897,-0.019153225806451957,0.4717741935483871,-0.39999999999999997,0
2026-05-01,822744,Washington Nationals,Milwaukee Brewers,0,0.13541666666666696,-1.7145833333333336,-1.5791666666666666,0.09999999999999998,0
2026-05-01,823557,New York Yankees,Baltimore Orioles,1,0.25806451612903203,1.6451612903225805,1.903225806451613,0.30000000000000004,1
2026-05-01,824772,Boston Red Sox,Houston Astros,1,-1.282258064516129,1.578629032258065,0.2963709677419355,0.0,1
2026-05-01,822990,Tampa Bay Rays,San Francisco Giants,1,1.211827956989247,-0.4064516129032256,0.8053763440860215,0.19999999999999996,1
2026-05-01,823877,Miami Marlins,Philadelphia Phillies,0,0.5483870967741931,0.935483870967742,1.4838709677419355,0.19999999999999996,1
2026-05-01,823713,Minnesota Twins,Toronto Blue Jays,0,0.877016129032258,0.05342741935483897,0.9304435483870968,-0.3,0
2026-05-01,823066,St. Louis Cardinals,Los Angeles Dodgers,1,-0.42043010752688126,-1.6419354838709679,-2.062365591397849,0.0,-1
2026-05-01,824366,Colorado Rockies,Atlanta Braves,0,-1.25,-1.03125,-2.28125,-0.19999999999999996,0
2026-05-01,824041,Los Angeles Angels,New York Mets,0,1.2681451612903225,-0.48286290322580605,0.7852822580645162,-0.19999999999999998,1
2026-05-01,825012,Athletics,Cleveland Guardians,0,0.382056451612903,-0.29334677419354804,0.08870967741935484,0.19999999999999996,-1
2026-05-01,823309,San Diego Padres,Chicago White Sox,0,0.47204301075268873,0.5688172043010757,1.0408602150537634,-0.09999999999999998,0
2026-05-01,823146,Seattle Mariners,Kansas City Royals,0,0.12298387096774199,0.805443548387097,0.9284274193548387,0.19999999999999996,1
2026-05-02,823554,New York Yankees,Baltimore Orioles,1,0.40625,1.75,2.15625,0.30000000000000004,0
2026-05-02,823715,Minnesota Twins,Toronto Blue Jays,0,0.7263257575757578,-0.07102272727272751,0.6553030303030303,-0.39999999999999997,0
2026-05-02,824685,Chicago Cubs,Arizona Diamondbacks,1,0.759072580645161,1.172379032258065,1.9314516129032258,0.39999999999999997,0
2026-05-02,825014,Athletics,Cleveland Guardians,0,0.2803030303030303,-0.3787878787878789,-0.09848484848484848,0.19999999999999996,0
2026-05-02,823388,Pittsburgh Pirates,Cincinnati Reds,1,0.7215909090909092,0.22821969696969724,0.9498106060606061,-0.19999999999999996,0
2026-05-02,822746,Washington Nationals,Milwaukee Brewers,0,-0.021505376344086002,-1.820136852394917,-1.841642228739003,0.0,0
2026-05-02,824771,Boston Red Sox,Houston Astros,0,-1.183712121212121,1.5946969696969697,0.4109848484848485,0.0,0
2026-05-02,823876,Miami Marlins,Philadelphia Phillies,1,0.5,0.875,1.375,0.0,0
2026-05-02,822988,Tampa Bay Rays,San Francisco Giants,1,1.266129032258065,-0.29536290322580605,0.970766129032258,0.29999999999999993,0
2026-05-02,823067,St. Louis Cardinals,Los Angeles Dodgers,1,-0.248991935483871,-1.431451612903226,-1.6804435483870968,0.19999999999999996,0
2026-05-02,824284,Detroit Tigers,Texas Rangers,1,0.3125,-0.5,-0.1875,-0.09999999999999998,0
2026-05-02,824365,Colorado Rockies,Atlanta Braves,0,-1.2727272727272734,-1.060606060606061,-2.333333333333333,-0.19999999999999996,0
2026-05-02,823308,San Diego Padres,Chicago White Sox,0,0.26713709677419395,0.35987903225806495,0.627016129032258,-0.19999999999999996,0
2026-05-02,824042,Los Angeles Angels,New York Mets,1,1.1988636363636367,-0.5,0.6988636363636364,-0.30000000000000004,0
2026-05-02,823144,Seattle Mariners,Kansas City Royals,0,0.08617424242424221,0.7518939393939394,0.8380681818181819,0.0,0
2026-05-03,823711,Minnesota Twins,Toronto Blue Jays,1,0.49286987522281667,-0.27540106951871657,0.2174688057040998,-0.39999999999999997,0
2026-05-03,824769,Boston Red Sox,Houston Astros,0,-1.237967914438503,1.4581105169340471,0.22014260249554374,0.0,0
2026-05-03,823387,Pittsburgh Pirates,Cincinnati Reds,1,0.9919786096256686,0.5267379679144382,1.5187165775401068,-0.09999999999999998,0
2026-05-03,823555,New York Yankees,Baltimore Orioles,1,0.545454545454545,1.8484848484848482,2.393939393939394,0.4,0
2026-05-03,822742,Washington Nationals,Milwaukee Brewers,1,-0.10661764705882337,-1.8602941176470589,-1.9669117647058822,-0.09999999999999998,0
2026-05-03,822987,Tampa Bay Rays,San Francisco Giants,1,1.3494318181818183,-0.16193181818181834,1.1875,0.5,0
2026-05-03,823875,Miami Marlins,Philadelphia Phillies,0,0.6060606060606055,0.9696969696969697,1.5757575757575757,0.0,0
2026-05-03,823065,St. Louis Cardinals,Los Angeles Dodgers,0,-0.21306818181818166,-1.3551136363636362,-1.5681818181818181,0.19999999999999996,0
2026-05-03,824687,Chicago Cubs,Arizona Diamondbacks,1,0.8011363636363633,1.194128787878788,1.9952651515151516,0.39999999999999997,0
2026-05-03,824364,Colorado Rockies,Atlanta Braves,0,-1.4705882352941178,-1.2647058823529411,-2.735294117647059,-0.30000000000000004,0
2026-05-03,825013,Athletics,Cleveland Guardians,1,0.03832442067736164,-0.6114081996434937,-0.5730837789661319,0.0,0
2026-05-03,824043,Los Angeles Angels,New York Mets,0,1.1934046345811047,-0.4563279857397511,0.7370766488413547,-0.2,0
2026-05-03,823145,Seattle Mariners,Kansas City Royals,0,0.055258467023173274,0.6978609625668453,0.7531194295900179,-0.09999999999999998,0
2026-05-03,823307,San Diego Padres,Chicago White Sox,1,0.13352272727272751,0.22821969696969724,0.36174242424242425,-0.29999999999999993,0
2026-05-03,824285,Detroit Tigers,Texas Rangers,1,0.42424242424242387,-0.36363636363636376,0.06060606060606061,0.09999999999999998,0
2026-05-04,824363,Colorado Rockies,New York Mets,0,0.8151260504201678,-0.5319327731092436,0.28319327731092436,0.0,0
2026-05-04,824283,Detroit Tigers,Boston Red Sox,0,0.49999999999999956,0.4411764705882355,0.9411764705882353,0.09999999999999998,0
2026-05-04,822984,Tampa Bay Rays,Toronto Blue Jays,1,0.24866310160427751,0.3752228163992868,0.6238859180035651,0.30000000000000004,0
2026-05-04,823874,Miami Marlins,Philadelphia Phillies,0,0.44117647058823506,0.7941176470588234,1.2352941176470589,-0.09999999999999998,0
2026-05-04,823552,New York Yankees,Baltimore Orioles,1,0.7647058823529411,2.0294117647058827,2.7941176470588234,0.4,0
2026-05-04,824684,Chicago Cubs,Cincinnati Reds,1,1.2941176470588234,0.5882352941176467,1.8823529411764706,0.29999999999999993,0
2026-05-04,824120,Kansas City Royals,Cleveland Guardians,1,-0.053781512605042714,-0.3605042016806719,-0.41428571428571426,0.29999999999999993,0
2026-05-04,823064,St. Louis Cardinals,Milwaukee Brewers,1,-0.3636363636363633,-0.8484848484848486,-1.212121212121212,0.09999999999999998,0
2026-05-04,824201,Houston Astros,Los Angeles Dodgers,0,-0.06134453781512672,-2.4487394957983195,-2.5100840336134453,0.0,0
2026-05-04,824039,Los Angeles Angels,Chicago White Sox,0,0.27899159663865536,-0.2663865546218487,0.012605042016806733,-0.49999999999999994,0
2026-05-04,823143,Seattle Mariners,Atlanta Braves,1,-1.7714285714285714,-0.48571428571428577,-2.2571428571428576,-0.20000000000000007,0
2026-05-04,823228,San Francisco Giants,San Diego Padres,1,-1.2762923351158642,0.30659536541889487,-0.9696969696969697,-0.2,0
2026-05-05,824281,Detroit Tigers,Boston Red Sox,0,0.45714285714285685,0.39999999999999947,0.8571428571428571,-0.09999999999999998,0
2026-05-05,822986,Tampa Bay Rays,Toronto Blue Jays,1,0.35630252100840387,0.4815126050420169,0.8378151260504201,0.30000000000000004,0
2026-05-05,823469,Philadelphia Phillies,Athletics,1,-0.6109243697478997,-0.29495798319327715,-0.9058823529411764,0.19999999999999996,-1
2026-05-05,823873,Miami Marlins,Baltimore Orioles,0,-0.2571428571428571,1.371428571428571,1.1142857142857143,0.10000000000000003,0
2026-05-05,822743,Washington Nationals,Minnesota Twins,0,0.4285714285714288,-0.7714285714285722,-0.34285714285714286,0.2,0
2026-05-05,823553,New York Yankees,Texas Rangers,1,1.750420168067227,0.4504201680672266,2.2008403361344535,0.4,-1
2026-05-05,824682,Chicago Cubs,Cincinnati Reds,1,1.2857142857142856,0.5999999999999996,1.8857142857142857,0.29999999999999993,0
2026-05-05,824119,Kansas City Royals,Cleveland Guardians,1,0.06031746031746099,-0.23730158730158735,-0.176984126984127,0.4,0
2026-05-05,824200,Houston Astros,Los Angeles Dodgers,1,-0.20079365079365097,-2.5198412698412698,-2.7206349206349207,-0.09999999999999998,0
2026-05-05,824040,Los Angeles Angels,Chicago White Sox,1,0.1031746031746037,-0.4293650793650796,-0.32619047619047625,-0.6,0
2026-05-05,825092,Arizona Diamondbacks,Pittsburgh Pirates,1,-0.5974025974025974,-1.2277056277056273,-1.8251082251082251,-0.2,0
2026-05-05,823142,Seattle Mariners,Atlanta Braves,0,-1.6944444444444446,-0.4444444444444442,-2.138888888888889,-0.09999999999999998,0
2026-05-05,823227,San Francisco Giants,San Diego Padres,0,-1.2092436974789913,0.32521008403361407,-0.8840336134453781,-0.10000000000000003,0
2026-05-06,822985,Tampa Bay Rays,Toronto Blue Jays,1,0.37380952380952426,0.49682539682539684,0.8706349206349207,0.4,0
2026-05-06,823063,St. Louis Cardinals,Milwaukee Brewers,0,-0.2647058823529411,-0.7352941176470593,-1.0,0.19999999999999996,0
2026-05-06,824198,Houston Astros,Los Angeles Dodgers,0,-0.1651651651651651,-2.4256756756756754,-2.590840840840841,0.0,0
2026-05-06,823226,San Francisco Giants,San Diego Padres,0,-1.3190476190476192,0.17777777777777803,-1.1412698412698412,-0.10000000000000003,0
2026-05-06,824036,Los Angeles Angels,Chicago White Sox,1,0.12837837837837807,-0.3911411411411416,-0.2627627627627628,-0.39999999999999997,0
2026-05-06,823141,Seattle Mariners,Atlanta Braves,1,-1.6756756756756754,-0.45945945945945965,-2.135135135135135,-0.19999999999999996,0
2026-05-06,824282,Detroit Tigers,Boston Red Sox,0,0.25,0.19444444444444375,0.4444444444444445,-0.19999999999999996,0
2026-05-06,823470,Philadelphia Phillies,Athletics,1,-0.36904761904761907,-0.061111111111110894,-0.4301587301587302,0.30000000000000004,0
2026-05-06,823872,Miami Marlins,Baltimore Orioles,0,-0.30555555555555536,1.2777777777777786,0.9722222222222221,0.0,0
2026-05-06,822740,Washington Nationals,Minnesota Twins,1,0.19444444444444375,-0.9722222222222223,-0.7777777777777778,0.09999999999999998,0
2026-05-06,823550,New York Yankees,Texas Rangers,0,1.7849206349206348,0.5238095238095237,2.308730158730159,0.5,0
2026-05-06,824683,Chicago Cubs,Cincinnati Reds,1,1.2777777777777777,0.6111111111111107,1.8888888888888888,0.39999999999999997,0
2026-05-06,824118,Kansas City Royals,Cleveland Guardians,0,0.11336336336336394,-0.17567567567567544,-0.062312312312312323,0.5,0
2026-05-06,824361,Colorado Rockies,New York Mets,0,0.7365079365079366,-0.5746031746031752,0.161904761904762,0.0,0
2026-05-06,825091,Arizona Diamondbacks,Pittsburgh Pirates,0,-0.3235294117647056,-0.9346405228758163,-1.2581699346405228,-0.10000000000000003,0
2026-05-07,823551,New York Yankees,Texas Rangers,1,1.59984984984985,0.3723723723723724,1.9722222222222223,0.29999999999999993,0
2026-05-07,822741,Washington Nationals,Minnesota Twins,1,0.5405405405405412,-0.5945945945945947,-0.05405405405405406,0.19999999999999996,0
2026-05-07,824117,Kansas City Royals,Cleveland Guardians,0,0.05547652916073975,-0.22261735419630213,-0.1671408250355619,0.29999999999999993,0
2026-05-07,824681,Chicago Cubs,Cincinnati Reds,1,1.2702702702702702,0.621621621621621,1.8918918918918919,0.6000000000000001,0
2026-05-07,824362,Colorado Rockies,New York Mets,1,0.5765765765765765,-0.6936936936936942,-0.11711711711711714,-0.2,0
2026-05-07,825090,Arizona Diamondbacks,Pittsburgh Pirates,0,-0.3490347490347494,-0.92972972972973,-1.2787644787644787,-0.10000000000000003,0
2026-05-07,823467,Philadelphia Phillies,Athletics,0,-0.2770270270270272,0.022522522522522515,-0.25450450450450446,0.4,0
2026-05-07,823870,Miami Marlins,Baltimore Orioles,1,-0.37837837837837895,1.1621621621621623,0.7837837837837838,-0.10000000000000003,0
2026-05-07,824767,Boston Red Sox,Tampa Bay Rays,0,-0.38963963963963977,-0.21621621621621578,-0.6058558558558559,-0.30000000000000004,0
2026-05-07,823306,San Diego Padres,St. Louis Cardinals,0,-0.2999999999999998,0.3801587301587306,0.08015873015873017,-0.29999999999999993,0
2026-05-08,824522,Cincinnati Reds,Houston Astros,0,-0.7631578947368416,0.9473684210526319,0.1842105263157895,-0.3,-1
2026-05-08,823466,Philadelphia Phillies,Colorado Rockies,0,-0.3947368421052633,-0.05263157894736814,-0.44736842105263164,0.5,0
2026-05-08,824846,Baltimore Orioles,Athletics,0,0.11948790896159256,-0.8229018492176383,-0.7034139402560455,-0.09999999999999998,0
2026-05-08,822822,Toronto Blue Jays,Los Angeles Angels,1,-0.5007112375533431,0.27453769559032715,-0.2261735419630157,0.10000000000000003,0
2026-05-08,824768,Boston Red Sox,Tampa Bay Rays,1,-0.4871977240398291,-0.3157894736842106,-0.8029871977240398,-0.4,0
2026-05-08,823871,Miami Marlins,Washington Nationals,0,-1.1578947368421053,1.2631578947368425,0.10526315789473684,-0.19999999999999996,0
2026-05-08,824443,Cleveland Guardians,Minnesota Twins,1,-0.6619433198380564,0.8751686909581649,0.21322537112010795,0.09999999999999998,0
2026-05-08,824116,Kansas City Royals,Detroit Tigers,1,-0.030583214793741043,-0.41749644381223305,-0.4480796586059744,0.19999999999999996,-1
2026-05-08,824607,Chicago White Sox,Seattle Mariners,0,0.1628733997155054,-0.7005689900426746,-0.5376955903271693,0.09999999999999998,0
2026-05-08,823794,Milwaukee Brewers,New York Yankees,1,-0.3285714285714283,-0.48872180451127845,-0.817293233082707,-0.20000000000000007,1
2026-05-08,822904,Texas Rangers,Chicago Cubs,0,-1.7169274537695594,0.23897581792318645,-1.477951635846373,-0.6000000000000001,0
2026-05-08,825088,Arizona Diamondbacks,New York Mets,0,0.8506006006006008,-0.7882882882882889,0.06231231231231238,-0.2,0
2026-05-08,823303,San Diego Padres,St. Louis Cardinals,0,-0.31681681681681706,0.34009009009009006,0.023273273273273276,-0.4,0
2026-05-08,823957,Los Angeles Dodgers,Atlanta Braves,1,-0.3079658605974398,0.31009957325746784,0.002133712660028486,-0.19999999999999996,0
2026-05-08,823225,San Francisco Giants,Pittsburgh Pirates,1,-1.7603129445234709,-0.03271692745376953,-1.7930298719772404,-0.3,1
2026-05-09,822820,Toronto Blue Jays,Los Angeles Angels,1,-0.43792172739541124,0.3218623481781373,-0.11605937921727394,0.2,0
2026-05-09,824847,Baltimore Orioles,Athletics,0,0.09109311740890647,-0.8286099865047234,-0.7375168690958165,-0.2,0
2026-05-09,824523,Cincinnati Reds,Houston Astros,1,-1.0,0.666666666666667,-0.33333333333333326,-0.4,0
2026-05-09,823869,Miami Marlins,Washington Nationals,1,-1.1538461538461533,1.2051282051282053,0.051282051282051294,-0.19999999999999996,0
2026-05-09,823468,Philadelphia Phillies,Colorado Rockies,1,-0.4358974358974361,-0.1025641025641022,-0.5384615384615384,0.39999999999999997,0
2026-05-09,824444,Cleveland Guardians,Minnesota Twins,0,-0.5948717948717945,0.9038461538461542,0.308974358974359,0.3,0
2026-05-09,822905,Texas Rangers,Chicago Cubs,1,-1.8286099865047234,0.07692307692307665,-1.7516869095816463,-0.7,0
2026-05-09,824115,Kansas City Royals,Detroit Tigers,1,-0.003373819163292602,-0.38124156545209154,-0.38461538461538464,0.3,0
2026-05-09,824606,Chicago White Sox,Seattle Mariners,1,0.05870445344129571,-0.7901484480431851,-0.7314439946018894,0.09999999999999998,0
2026-05-09,823792,Milwaukee Brewers,New York Yankees,1,-0.16452991452991395,-0.3141025641025643,-0.4786324786324787,0.0,0
2026-05-09,825089,Arizona Diamondbacks,New York Mets,1,0.7731152204836413,-0.8186344238975813,-0.045519203413940224,-0.39999999999999997,0
2026-05-09,823304,San Diego Padres,St. Louis Cardinals,1,-0.46728307254623047,0.1699857752489331,-0.2972972972972973,-0.5,0
2026-05-09,823224,San Francisco Giants,Pittsburgh Pirates,0,-1.6369770580296894,0.04655870445344146,-1.5904183535762484,-0.3,0
2026-05-09,823955,Los Angeles Dodgers,Atlanta Braves,0,-0.2503373819163297,0.35492577597840747,0.1045883940620782,-0.09999999999999998,0
2026-05-10,823868,Miami Marlins,Washington Nationals,1,-1.0999999999999996,1.2000000000000002,0.1,-0.19999999999999996,0
2026-05-10,824845,Baltimore Orioles,Athletics,1,-0.01217948717948758,-0.9096153846153854,-0.9217948717948719,-0.39999999999999997,0
2026-05-10,824765,Boston Red Sox,Tampa Bay Rays,0,-0.4203778677462884,-0.2577597840755739,-0.6781376518218624,-0.30000000000000004,0
2026-05-10,823463,Philadelphia Phillies,Colorado Rockies,1,-0.27500000000000036,0.04999999999999982,-0.22499999999999998,0.39999999999999997,0
2026-05-10,822819,Toronto Blue Jays,Los Angeles Angels,0,-0.09551282051282062,0.6410256410256414,0.5455128205128205,0.2,0
2026-05-10,824520,Cincinnati Reds,Houston Astros,1,-0.9250000000000003,0.7000000000000002,-0.22499999999999998,-0.3,0
2026-05-10,824440,Cleveland Guardians,Minnesota Twins,0,-0.6030487804878044,0.8548780487804875,0.25182926829268293,0.19999999999999996,0
2026-05-10,824605,Chicago White Sox,Seattle Mariners,1,0.18333333333333268,-0.6429487179487179,-0.45961538461538465,0.09999999999999998,0
2026-05-10,823793,Milwaukee Brewers,New York Yankees,1,-0.13783783783783754,-0.27972972972972965,-0.41756756756756763,0.09999999999999998,0
2026-05-10,822902,Texas Rangers,Chicago Cubs,1,-1.6314102564102564,0.22756410256410264,-1.4038461538461537,-0.5,0
2026-05-10,823221,San Francisco Giants,Pittsburgh Pirates,1,-1.8461538461538463,-0.2102564102564104,-2.056410256410256,-0.39999999999999997,0
2026-05-10,825085,Arizona Diamondbacks,New York Mets,1,0.7773279352226723,-0.7692307692307692,0.0080971659919028,-0.2,0
2026-05-10,823305,San Diego Padres,St. Louis Cardinals,1,-0.40215924426450744,0.21659919028340102,-0.1855600539811066,-0.29999999999999993,0
2026-05-10,823954,Los Angeles Dodgers,Atlanta Braves,0,-0.37115384615384617,0.2185897435897437,-0.15256410256410247,-0.19999999999999996,0
2026-05-10,824113,Kansas City Royals,Detroit Tigers,0,0.09871794871794926,-0.27115384615384563,-0.17243589743589746,0.39999999999999997,0
2026-05-11,824441,Cleveland Guardians,Los Angeles Angels,1,-0.19802555168408897,0.6881533101045294,0.4901277584204413,0.09999999999999998,0
2026-05-11,824844,Baltimore Orioles,New York Yankees,1,-0.8292682926829267,-1.9512195121951224,-2.7804878048780486,-0.3,0
2026-05-11,822818,Toronto Blue Jays,Tampa Bay Rays,0,-0.2846153846153854,-0.5282051282051285,-0.8128205128205128,-0.4,0
2026-05-11,822901,Texas Rangers,Arizona Diamondbacks,0,-0.608333333333333,1.097435897435898,0.4891025641025641,0.2,0
2026-05-11,824199,Houston Astros,Seattle Mariners,0,0.7073170731707314,-1.5853658536585362,-0.8780487804878049,0.09999999999999998,0
2026-05-11,823953,Los Angeles Dodgers,San Francisco Giants,0,1.8250000000000002,1.1,2.925,0.10000000000000003,0
2026-05-12,824442,Cleveland Guardians,Los Angeles Angels,1,-0.07585825027685456,0.7895902547065337,0.7137320044296789,0.09999999999999998,0
2026-05-12,824843,Baltimore Orioles,New York Yankees,0,-0.7857142857142856,-1.8809523809523805,-2.6666666666666665,-0.09999999999999998,0
2026-05-12,824521,Cincinnati Reds,Washington Nationals,0,-1.2926829268292686,0.8048780487804876,-0.48780487804878053,-0.3,0
2026-05-12,823385,Pittsburgh Pirates,Colorado Rockies,1,0.7560975609756095,0.8536585365853657,1.6097560975609757,0.39999999999999997,0
2026-05-12,824764,Boston Red Sox,Philadelphia Phillies,0,-0.24634146341463437,0.7268292682926827,0.4804878048780488,-0.19999999999999996,0
2026-05-12,822817,Toronto Blue Jays,Tampa Bay Rays,0,-0.3530487804878044,-0.587804878048781,-0.9408536585365853,-0.5,0
2026-05-12,823632,New York Mets,Detroit Tigers,1,-0.6249999999999996,-0.125,-0.75,0.09999999999999998,0
2026-05-12,824927,Atlanta Braves,Chicago Cubs,1,0.3170731707317067,0.6585365853658538,0.9756097560975612,-0.20000000000000007,0
2026-05-12,824604,Chicago White Sox,Kansas City Royals,1,0.15304878048780513,-0.16158536585365812,-0.00853658536585361,-0.09999999999999998,0
2026-05-12,823712,Minnesota Twins,Miami Marlins,1,0.43902439024390194,-0.6585365853658534,-0.2195121951219512,0.09999999999999998,0
2026-05-12,823790,Milwaukee Brewers,San Diego Padres,1,0.8815789473684212,0.46447368421052593,1.3460526315789474,0.19999999999999996,0
2026-05-12,822903,Texas Rangers,Arizona Diamondbacks,1,-0.6158536585365852,1.0432926829268294,0.42743902439024395,0.0,0
2026-05-12,824197,Houston Astros,Seattle Mariners,0,0.6428571428571432,-1.595238095238095,-0.9523809523809523,0.0,0
2026-05-12,825011,Athletics,St. Louis Cardinals,0,-0.21538461538461462,-0.13974358974358925,-0.3551282051282051,-0.09999999999999998,0
2026-05-12,823951,Los Angeles Dodgers,San Francisco Giants,0,1.6341463414634148,0.9268292682926833,2.5609756097560976,0.0,0
2026-05-13,824841,Baltimore Orioles,New York Yankees,1,-0.8604651162790704,-1.9302325581395348,-2.7906976744186047,-0.09999999999999998,0
2026-05-13,824438,Cleveland Guardians,Los Angeles Angels,1,-0.05021141649048655,0.793340380549683,0.7431289640591966,0.09999999999999998,0
2026-05-13,824519,Cincinnati Reds,Washington Nationals,0,-1.404761904761905,0.6428571428571423,-0.761904761904762,-0.3,0
2026-05-13,823386,Pittsburgh Pirates,Colorado Rockies,0,0.7857142857142856,0.8809523809523805,1.6666666666666665,0.49999999999999994,0
2026-05-13,824763,Boston Red Sox,Philadelphia Phillies,1,-0.2659698025551682,0.6869918699186988,0.4210220673635308,-0.19999999999999996,0
2026-05-13,822815,Toronto Blue Jays,Tampa Bay Rays,1,-0.36991869918699116,-0.5963995354239255,-0.9663182346109175,-0.6000000000000001,0
2026-05-13,823631,New York Mets,Detroit Tigers,1,-0.41463414634146334,0.07317073170731714,-0.3414634146341464,0.3,0
2026-05-13,824928,Atlanta Braves,Chicago Cubs,1,0.3809523809523805,0.714285714285714,1.0952380952380951,0.0,0
2026-05-13,824603,Chicago White Sox,Kansas City Royals,1,0.17421602787456436,-0.1341463414634143,0.04006968641114983,0.0,0
2026-05-13,823710,Minnesota Twins,Miami Marlins,0,0.5,-0.5714285714285721,-0.07142857142857142,0.09999999999999998,0
2026-05-13,823791,Milwaukee Brewers,San Diego Padres,0,0.9099437148217637,0.5015634771732334,1.4115071919949969,0.30000000000000004,0
2026-05-13,822900,Texas Rangers,Arizona Diamondbacks,1,-0.529616724738676,1.0911730545876885,0.5615563298490127,0.0,0
2026-05-13,824195,Houston Astros,Seattle Mariners,1,0.44186046511627897,-1.7441860465116283,-1.302325581395349,-0.09999999999999998,0
2026-05-13,825010,Athletics,St. Louis Cardinals,1,-0.2597560975609756,-0.18536585365853586,-0.4451219512195122,-0.19999999999999996,0
2026-05-13,823952,Los Angeles Dodgers,San Francisco Giants,1,1.5,0.8095238095238093,2.3095238095238093,-0.09999999999999998,0
2026-05-14,823383,Pittsburgh Pirates,Colorado Rockies,1,0.6279069767441863,0.7209302325581399,1.3488372093023255,0.3,0
2026-05-14,824517,Cincinnati Reds,Washington Nationals,1,-1.3953488372093021,0.6046511627906979,-0.7906976744186046,-0.39999999999999997,0
2026-05-14,823630,New York Mets,Detroit Tigers,1,-0.38095238095238093,0.0952380952380949,-0.28571428571428575,0.3,0
2026-05-14,823709,Minnesota Twins,Miami Marlins,1,0.39534883720930303,-0.6511627906976747,-0.2558139534883721,0.09999999999999998,0
2026-05-14,823789,Milwaukee Brewers,San Diego Padres,1,0.8357142857142854,0.44285714285714306,1.2785714285714287,0.09999999999999998,0
2026-05-14,824196,Houston Astros,Seattle Mariners,0,0.45454545454545414,-1.6818181818181817,-1.2272727272727273,-0.09999999999999998,0
2026-05-14,825008,Athletics,St. Louis Cardinals,0,-0.1567944250871074,-0.0847851335656209,-0.24157955865272937,0.0,0
2026-05-14,824762,Boston Red Sox,Philadelphia Phillies,0,-0.2137320044296791,0.7192691029900331,0.5055370985603544,-0.19999999999999996,0
2026-05-14,824926,Atlanta Braves,Chicago Cubs,0,0.44186046511627897,0.7674418604651163,1.2093023255813953,0.09999999999999998,0
2026-05-14,824602,Chicago White Sox,Kansas City Royals,1,0.19435215946843787,-0.10797342192691062,0.08637873754152825,0.09999999999999998,0
2026-05-14,823950,Los Angeles Dodgers,San Francisco Giants,1,1.5581395348837206,0.8837209302325579,2.441860465116279,0.0,0
2026-05-15,823384,Pittsburgh Pirates,Philadelphia Phillies,0,1.0,0.43181818181818166,1.4318181818181819,-0.09999999999999998,0
2026-05-15,822739,Washington Nationals,Baltimore Orioles,1,0.9772727272727266,-0.5909090909090908,0.3863636363636364,0.09999999999999998,-1
2026-05-15,824280,Detroit Tigers,Toronto Blue Jays,1,-0.1860465116279073,0.1627906976744189,-0.023255813953488358,-0.09999999999999998,-1
2026-05-15,824439,Cleveland Guardians,Cincinnati Reds,0,-0.16262626262626245,0.8424242424242427,0.6797979797979798,0.3,1
2026-05-15,822983,Tampa Bay Rays,Miami Marlins,1,0.2727272727272725,0.47835497835497787,0.7510822510822511,0.4,1
2026-05-15,823707,Minnesota Twins,Milwaukee Brewers,0,-0.3021064301552103,-1.2749445676274944,-1.577050997782705,-0.09999999999999998,0
2026-05-15,824925,Atlanta Braves,Boston Red Sox,1,1.6421775898520088,0.7283298097251585,2.3705073995771673,0.09999999999999998,0
2026-05-15,823629,New York Mets,New York Yankees,0,-1.3239957716701904,-0.6395348837209305,-1.9635306553911205,0.29999999999999993,-1
2026-05-15,824601,Chicago White Sox,Chicago Cubs,0,-0.6046511627906979,-0.558668076109937,-1.1633192389006344,0.0,0
2026-05-15,824194,Houston Astros,Texas Rangers,1,0.8103359173126612,-1.8770025839793285,-1.0666666666666667,-0.2,-1
2026-05-15,823061,St. Louis Cardinals,Kansas City Royals,1,0.4816017316017316,0.13961038961038952,0.6212121212121212,0.09999999999999998,0
2026-05-15,824360,Colorado Rockies,Arizona Diamondbacks,0,0.010822510822510623,-0.23376623376623407,-0.222943722943723,-0.10000000000000003,-1
2026-05-15,824037,Los Angeles Angels,Los Angeles Dodgers,0,-0.7727272727272725,-1.454545454545455,-2.2272727272727275,-0.2,1
2026-05-15,823140,Seattle Mariners,San Diego Padres,0,0.10490956072351398,0.3204134366925069,0.4253229974160207,0.09999999999999998,0
2026-05-15,825009,Athletics,San Francisco Giants,1,1.0776955602536997,-0.1712473572938693,0.9064482029598309,0.0,0
2026-05-16,824278,Detroit Tigers,Toronto Blue Jays,0,-0.15909090909090962,0.18181818181818166,0.022727272727272707,-0.09999999999999998,0
2026-05-16,823060,St. Louis Cardinals,Kansas City Royals,1,0.49354005167958714,0.15917312661498695,0.6527131782945736,0.3,0
2026-05-16,824359,Colorado Rockies,Arizona Diamondbacks,1,-0.17209302325581355,-0.41033591731266217,-0.5824289405684755,-0.2,0
2026-05-16,822737,Washington Nationals,Baltimore Orioles,1,0.9777777777777779,-0.5555555555555554,0.4222222222222222,0.09999999999999998,0
2026-05-16,823382,Pittsburgh Pirates,Philadelphia Phillies,0,0.9333333333333327,0.3777777777777773,1.3111111111111111,-0.19999999999999996,0
2026-05-16,822981,Tampa Bay Rays,Miami Marlins,0,0.380361757105943,0.5808785529715763,0.9612403100775193,0.4,0
2026-05-16,824435,Cleveland Guardians,Cincinnati Reds,1,-0.1821256038647343,0.8028985507246382,0.6207729468599034,0.19999999999999996,0
2026-05-16,824193,Houston Astros,Texas Rangers,1,0.8399209486166006,-1.7944664031620552,-0.9545454545454546,-0.09999999999999998,0
2026-05-16,824600,Chicago White Sox,Chicago Cubs,1,-0.7020202020202015,-0.6601010101010099,-1.362121212121212,0.0,0
2026-05-16,823706,Minnesota Twins,Milwaukee Brewers,0,-0.31428571428571406,-1.271428571428571,-1.5857142857142856,-0.19999999999999996,0
2026-05-16,823139,Seattle Mariners,San Diego Padres,0,0.061264822134387664,0.26581027667984136,0.32707509881422925,-0.09999999999999998,0
2026-05-16,824924,Atlanta Braves,Boston Red Sox,0,1.6287878787878785,0.7338383838383837,2.3626262626262626,0.09999999999999998,0
2026-05-16,823627,New York Mets,New York Yankees,1,-1.3621212121212118,-0.6924242424242424,-2.0545454545454547,0.19999999999999996,0
2026-05-16,824038,Los Angeles Angels,Los Angeles Dodgers,0,-0.8888888888888893,-1.5555555555555558,-2.4444444444444446,-0.2,0
2026-05-16,825007,Athletics,San Francisco Giants,0,1.1207070707070708,-0.0994949494949493,1.0212121212121212,0.09999999999999998,0
2026-05-17,822982,Tampa Bay Rays,Miami Marlins,1,0.26383399209486225,0.4535573122529639,0.717391304347826,0.19999999999999996,0
2026-05-17,822738,Washington Nationals,Baltimore Orioles,0,1.1739130434782616,-0.32608695652173925,0.8478260869565217,0.29999999999999993,0
2026-05-17,823381,Pittsburgh Pirates,Philadelphia Phillies,0,0.7826086956521738,0.2391304347826093,1.0217391304347827,-0.19999999999999996,0
2026-05-17,824923,Atlanta Braves,Boston Red Sox,1,1.5719806763285025,0.695169082125604,2.267149758454106,0.09999999999999998,0
2026-05-17,824436,Cleveland Guardians,Cincinnati Reds,1,-0.11424606845513452,0.8506012950971327,0.7363552266419982,0.29999999999999993,0
2026-05-17,824279,Detroit Tigers,Toronto Blue Jays,0,-0.1777777777777776,0.1555555555555559,-0.0222222222222222,-0.2,0
2026-05-17,823628,New York Mets,New York Yankees,1,-1.2661835748792267,-0.611594202898551,-1.8777777777777778,0.3,0
2026-05-17,824192,Houston Astros,Texas Rangers,0,0.888416075650118,-1.6921985815602838,-0.8037825059101655,-0.09999999999999998,0
2026-05-17,824599,Chicago White Sox,Chicago Cubs,1,-0.5763285024154587,-0.5362318840579716,-1.11256038647343,0.09999999999999998,0
2026-05-17,823708,Minnesota Twins,Milwaukee Brewers,1,-0.3245702730030331,-1.2694641051567235,-1.5940343781597572,-0.4,0
2026-05-17,823058,St. Louis Cardinals,Kansas City Royals,0,0.5256916996047432,0.20158102766798436,0.7272727272727273,0.39999999999999997,0
2026-05-17,824358,Colorado Rockies,Arizona Diamondbacks,0,-0.12252964426877444,-0.3586956521739131,-0.4812252964426877,0.0,0
2026-05-17,825006,Athletics,San Francisco Giants,0,1.0526570048309183,-0.14154589371980641,0.9111111111111111,0.0,0
2026-05-17,824034,Los Angeles Angels,Los Angeles Dodgers,0,-1.1521739130434785,-1.804347826086956,-2.9565217391304346,-0.3,0
2026-05-17,823138,Seattle Mariners,San Diego Padres,0,-0.006619385342790274,0.19621749408983424,0.1895981087470449,-0.09999999999999998,0
2026-05-18,824277,Detroit Tigers,Cleveland Guardians,0,-0.527173913043478,-0.13496376811594146,-0.6621376811594203,-0.49999999999999994,0
2026-05-18,822980,Tampa Bay Rays,Baltimore Orioles,1,0.238297872340425,1.2534278959810878,1.491725768321513,0.29999999999999993,0
2026-05-18,823465,Philadelphia Phillies,Cincinnati Reds,1,-0.10638297872340363,0.48936170212765884,0.38297872340425526,0.29999999999999993,0
2026-05-18,823867,Miami Marlins,Atlanta Braves,1,-1.042553191489362,-1.3191489361702131,-2.3617021276595747,-0.09999999999999998,0
2026-05-18,822734,Washington Nationals,New York Mets,0,1.599444958371878,-1.5282146160962071,0.07123034227567066,0.0,0
2026-05-18,823549,New York Yankees,Toronto Blue Jays,1,0.9555966697502312,0.7303422756706754,1.6859389454209066,-0.2,0
2026-05-18,824114,Kansas City Royals,Boston Red Sox,0,0.39084181313598476,-0.4028677150786306,-0.01202590194264569,-0.10000000000000003,0
2026-05-18,823705,Minnesota Twins,Houston Astros,1,0.24290780141843982,0.6919326241134751,0.9348404255319149,0.09999999999999998,0
2026-05-18,824680,Chicago Cubs,Milwaukee Brewers,0,0.17311411992263093,-0.6658607350096712,-0.49274661508704076,-0.4,0
2026-05-18,824357,Colorado Rockies,Texas Rangers,1,0.5166512488436634,-1.518038852913969,-1.0013876040703054,-0.09999999999999998,0
2026-05-18,824035,Los Angeles Angels,Athletics,1,-0.39037927844588305,-0.6036077705827942,-0.9939870490286773,-0.3,0
2026-05-18,823301,San Diego Padres,Los Angeles Dodgers,1,-1.0374653098982423,-0.8103607770582797,-1.8478260869565217,0.0,0
2026-05-18,825087,Arizona Diamondbacks,San Francisco Giants,1,0.8893617021276601,-0.47990543735224556,0.40945626477541375,-0.09999999999999998,0
2026-05-18,823137,Seattle Mariners,Chicago White Sox,1,-0.4619565217391308,0.7391304347826084,0.27717391304347827,-0.29999999999999993,0
2026-05-19,823865,Miami Marlins,Atlanta Braves,0,-0.770833333333333,-1.0416666666666665,-1.8125,-0.09999999999999998,0
2026-05-19,824276,Detroit Tigers,Cleveland Guardians,0,-0.6404689535388624,-0.257924446374294,-0.8983933999131567,-0.49999999999999994,0
2026-05-19,822979,Tampa Bay Rays,Baltimore Orioles,1,0.45199275362318847,1.4338768115942022,1.8858695652173914,0.29999999999999993,0
2026-05-19,823464,Philadelphia Phillies,Cincinnati Reds,0,-0.08333333333333304,0.5,0.4166666666666667,0.4,0
2026-05-19,822736,Washington Nationals,New York Mets,1,1.37322695035461,-1.6826241134751774,-0.30939716312056736,-0.19999999999999996,0
2026-05-19,823548,New York Yankees,Toronto Blue Jays,1,0.955673758865248,0.7371453900709217,1.6928191489361701,-0.2,0
2026-05-19,824112,Kansas City Royals,Boston Red Sox,0,0.3413120567375887,-0.4375,-0.09618794326241137,-0.10000000000000003,0
2026-05-19,823704,Minnesota Twins,Houston Astros,0,0.2997448979591839,0.7397959183673466,1.0395408163265305,0.3,0
2026-05-19,824677,Chicago Cubs,Milwaukee Brewers,0,0.03888888888888875,-0.7777777777777777,-0.7388888888888889,-0.5,0
2026-05-19,823059,St. Louis Cardinals,Pittsburgh Pirates,1,-0.383451536643026,0.17825059101654883,-0.20520094562647753,0.19999999999999996,0
2026-05-19,824356,Colorado Rockies,Texas Rangers,0,0.5257092198581561,-1.4640957446808511,-0.938386524822695,-0.09999999999999998,0
2026-05-19,824033,Los Angeles Angels,Athletics,0,-0.35992907801418417,-0.5713652482269502,-0.9312943262411348,-0.2,0
2026-05-19,823302,San Diego Padres,Los Angeles Dodgers,0,-0.9964539007092199,-0.7708333333333335,-1.7672872340425532,0.19999999999999996,0
2026-05-19,825086,Arizona Diamondbacks,San Francisco Giants,1,1.0860507246376812,-0.2590579710144931,0.8269927536231884,0.09999999999999998,0
2026-05-19,823136,Seattle Mariners,Chicago White Sox,0,-0.3473729917498911,0.8271819366044286,0.4798089448545375,-0.29999999999999993,0
2026-05-20,823462,Philadelphia Phillies,Cincinnati Reds,0,-0.14285714285714324,0.4285714285714288,0.2857142857142857,0.30000000000000004,0
2026-05-20,822977,Tampa Bay Rays,Baltimore Orioles,1,0.5032566217976546,1.468519322622666,1.9717759444203211,0.29999999999999993,0
2026-05-20,823703,Minnesota Twins,Houston Astros,1,0.27224489795918405,0.7061224489795919,0.9783673469387756,0.19999999999999996,0
2026-05-20,824355,Colorado Rockies,Texas Rangers,0,0.3082482993197275,-1.639880952380952,-1.3316326530612246,-0.3,0
2026-05-20,825084,Arizona Diamondbacks,San Francisco Giants,1,1.1050803300043421,-0.21146330872774666,0.8936170212765957,0.19999999999999996,0
2026-05-20,823134,Seattle Mariners,Chicago White Sox,1,-0.3583333333333334,0.7875000000000001,0.4291666666666667,-0.4,0
2026-05-20,824273,Detroit Tigers,Cleveland Guardians,0,-0.6483333333333339,-0.27249999999999996,-0.9208333333333334,-0.49999999999999994,0
2026-05-20,823866,Miami Marlins,Atlanta Braves,0,-0.8367346938775508,-1.102040816326531,-1.9387755102040818,-0.19999999999999996,0
2026-05-20,822735,Washington Nationals,New York Mets,1,1.4056122448979593,-1.5850340136054424,-0.17942176870748297,-0.09999999999999998,0
2026-05-20,823547,New York Yankees,Toronto Blue Jays,0,0.9566326530612246,0.7427721088435373,1.6994047619047619,0.0,0
2026-05-20,824111,Kansas City Royals,Boston Red Sox,0,0.2104591836734695,-0.5522959183673466,-0.34183673469387754,-0.3,0
2026-05-20,824678,Chicago Cubs,Milwaukee Brewers,0,-0.023070097604259487,-0.8251996450754215,-0.8482697426796807,-0.6000000000000001,0
2026-05-20,823057,St. Louis Cardinals,Pittsburgh Pirates,0,-0.3088768115942022,0.23550724637681153,-0.0733695652173913,0.3,0
2026-05-20,823299,San Diego Padres,Los Angeles Dodgers,0,-0.9965986394557822,-0.7759353741496597,-1.7725340136054422,0.09999999999999998,0
2026-05-20,824032,Los Angeles Angels,Athletics,0,-0.5199829931972793,-0.7223639455782314,-1.2423469387755102,-0.2,0
2026-05-21,824274,Detroit Tigers,Cleveland Guardians,0,-0.6566626650660266,-0.2857142857142856,-0.9423769507803121,-0.6000000000000001,0
2026-05-21,823056,St. Louis Cardinals,Pittsburgh Pirates,0,-0.4494138080764216,0.08554059921841084,-0.3638732088580113,0.09999999999999998,0
2026-05-21,822733,Washington Nationals,New York Mets,0,1.4575510204081636,-1.4718367346938779,-0.01428571428571429,0.0,0
2026-05-21,823864,Miami Marlins,Atlanta Braves,0,-0.9799999999999995,-1.2400000000000002,-2.2199999999999998,-0.29999999999999993,0
2026-05-21,823545,New York Yankees,Toronto Blue Jays,0,0.9183673469387754,0.7065306122448982,1.6248979591836734,0.0,0
2026-05-21,824031,Los Angeles Angels,Athletics,0,-0.5302040816326534,-0.727755102040816,-1.2579591836734694,-0.2,0
2026-05-21,825083,Arizona Diamondbacks,Colorado Rockies,1,0.4041666666666668,0.6341666666666672,1.0383333333333333,0.39999999999999997,0
2026-05-22,824679,Chicago Cubs,Houston Astros,0,0.6454901960784314,1.0125490196078424,1.6580392156862747,-0.2,0
2026-05-22,823461,Philadelphia Phillies,Cleveland Guardians,0,-0.2046153846153853,-0.7176923076923076,-0.9223076923076923,-0.20000000000000007,1
2026-05-22,823546,New York Yankees,Tampa Bay Rays,0,0.0686274509803928,0.4117647058823528,0.48039215686274506,-0.4,-1
2026-05-22,822816,Toronto Blue Jays,Pittsburgh Pirates,1,-0.9199999999999999,0.20000000000000018,-0.72,0.09999999999999998,0
2026-05-22,824761,Boston Red Sox,Minnesota Twins,0,-0.9061224489795916,0.7016326530612247,-0.20448979591836736,-0.09999999999999998,0
2026-05-22,823863,Miami Marlins,New York Mets,1,0.25333333333333297,-0.36588235294117677,-0.11254901960784314,-0.39999999999999997,0
2026-05-22,824842,Baltimore Orioles,Detroit Tigers,1,0.5999999999999996,-1.2200000000000006,-0.6199999999999999,0.30000000000000004,1
2026-05-22,824922,Atlanta Braves,Washington Nationals,1,-0.07843137254901933,2.4313725490196076,2.352941176470588,0.09999999999999998,0
2026-05-22,824110,Kansas City Royals,Seattle Mariners,0,-0.2376470588235291,-0.578039215686275,-0.8156862745098039,-0.4,0
2026-05-22,823788,Milwaukee Brewers,Los Angeles Dodgers,1,-0.0974468085106377,-0.2668085106382976,-0.36425531914893616,0.10000000000000009,0
2026-05-22,824029,Los Angeles Angels,Texas Rangers,1,0.022809123649460084,-1.6410564225690276,-1.618247298919568,-0.5,-1
2026-05-22,825082,Arizona Diamondbacks,Colorado Rockies,0,0.41376550620248054,0.6442577030812329,1.0580232092837134,0.39999999999999997,0
2026-05-22,823298,San Diego Padres,Athletics,1,-0.39836734693877585,0.5395918367346937,0.14122448979591837,0.09999999999999998,1
2026-05-22,823223,San Francisco Giants,Chicago White Sox,0,-0.9889795918367348,0.1938775510204085,-0.7951020408163265,-0.29999999999999993,0
2026-05-23,824518,Cincinnati Reds,St. Louis Cardinals,0,-0.01750000000000007,-0.5425000000000004,-0.56,0.0,1
2026-05-23,824516,Cincinnati Reds,St. Louis Cardinals,1,-0.15726290516206554,-0.6718687474989995,-0.8291316526610644,-0.19999999999999996,0
2026-05-23,824674,Chicago Cubs,Houston Astros,0,0.5935143288084461,0.9547511312217196,1.548265460030166,-0.3,0
2026-05-23,822814,Toronto Blue Jays,Pittsburgh Pirates,1,-0.8235294117647065,0.27450980392156854,-0.5490196078431373,0.19999999999999996,0
2026-05-23,823458,Philadelphia Phillies,Cleveland Guardians,1,-0.22271550129485806,-0.7203107658157601,-0.9430262671106178,-0.30000000000000004,0
2026-05-23,823222,San Francisco Giants,Chicago White Sox,1,-1.0694117647058823,0.09176470588235297,-0.9776470588235294,-0.39999999999999997,0
2026-05-23,824109,Kansas City Royals,Seattle Mariners,1,-0.27300150829562586,-0.604449472096531,-0.8774509803921569,-0.4,0
2026-05-23,824760,Boston Red Sox,Minnesota Twins,0,-0.9266666666666667,0.6470588235294121,-0.2796078431372549,-0.09999999999999998,0
2026-05-23,824920,Atlanta Braves,Washington Nationals,0,-0.05769230769230749,2.4038461538461537,2.3461538461538463,0.19999999999999996,0
2026-05-23,823862,Miami Marlins,New York Mets,1,0.2688536953242835,-0.34049773755656165,-0.0716440422322775,-0.19999999999999996,0
2026-05-23,823787,Milwaukee Brewers,Los Angeles Dodgers,0,-0.017156862745097534,-0.18014705882352944,-0.19730392156862742,0.10000000000000009,0
2026-05-23,823300,San Diego Padres,Athletics,1,-0.31098039215686324,0.6078431372549016,0.2968627450980392,0.09999999999999998,0
2026-05-23,824030,Los Angeles Angels,Texas Rangers,1,0.07846153846153836,-1.5476923076923077,-1.4692307692307691,-0.3,0
2026-05-23,825080,Arizona Diamondbacks,Colorado Rockies,1,0.384615384615385,0.6138461538461542,0.9984615384615385,0.19999999999999996,0
2026-05-24,822813,Toronto Blue Jays,Pittsburgh Pirates,0,-0.75,0.32692307692307665,-0.4230769230769231,0.39999999999999997,0
2026-05-24,824839,Baltimore Orioles,Detroit Tigers,1,0.6470588235294112,-1.1372549019607847,-0.4901960784313727,0.30000000000000004,0
2026-05-24,824840,Baltimore Orioles,Detroit Tigers,0,0.6730769230769225,-1.0769230769230775,-0.40384615384615397,0.30000000000000004,0
2026-05-24,824759,Boston Red Sox,Minnesota Twins,0,-0.9479638009049776,0.5961538461538458,-0.35180995475113125,-0.09999999999999998,0
2026-05-24,823459,Philadelphia Phillies,Cleveland Guardians,0,-0.16381766381766383,-0.6481481481481484,-0.811965811965812,-0.20000000000000007,0
2026-05-24,823544,New York Yankees,Tampa Bay Rays,1,0.029827315541600896,0.36302982731554145,0.3928571428571429,-0.4,0
2026-05-24,823861,Miami Marlins,New York Mets,1,0.32148040638606634,-0.2775761973875186,0.04390420899854863,-0.09999999999999998,0
2026-05-24,824108,Kansas City Royals,Seattle Mariners,1,-0.1730769230769229,-0.4970972423802609,-0.6701741654571843,-0.2,0
2026-05-24,823786,Milwaukee Brewers,Los Angeles Dodgers,0,-0.17307692307692335,-0.3394819466248036,-0.5125588697017267,-0.10000000000000009,0
2026-05-24,824676,Chicago Cubs,Houston Astros,0,0.5239477503628445,0.8806240928882438,1.4045718432510885,-0.39999999999999997,0
2026-05-24,823220,San Francisco Giants,Chicago White Sox,1,-0.9136500754147812,0.22662141779788847,-0.6870286576168929,-0.3,0
2026-05-24,825081,Arizona Diamondbacks,Colorado Rockies,1,0.3965963743988157,0.6215316315205328,1.018128005919349,0.39999999999999997,0
2026-05-24,823297,San Diego Padres,Athletics,0,-0.2673453996983408,0.6361236802413273,0.36877828054298645,0.29999999999999993,0
2026-05-24,824921,Atlanta Braves,Washington Nationals,0,-0.09433962264150964,2.320754716981132,2.2264150943396226,0.09999999999999998,0
2026-05-24,824028,Los Angeles Angels,Texas Rangers,1,0.1350351461339252,-1.4609692933777287,-1.325934147243803,-0.2,0
2026-05-25,823380,Pittsburgh Pirates,Chicago Cubs,1,0.056603773584905426,-0.018867924528302105,0.037735849056603765,0.2,0
2026-05-25,824838,Baltimore Orioles,Tampa Bay Rays,1,-0.41811320754716963,-1.4573584905660377,-1.8754716981132076,-0.29999999999999993,0
2026-05-25,824598,Chicago White Sox,Minnesota Twins,1,-0.1600145137880986,-0.24238026124818557,-0.40239477503628446,-0.19999999999999996,0
2026-05-25,823784,Milwaukee Brewers,St. Louis Cardinals,1,0.3799999999999999,0.8399999999999999,1.2200000000000002,0.19999999999999996,-1
2026-05-25,824107,Kansas City Royals,New York Yankees,0,-0.8867924528301891,-0.8490566037735849,-1.7358490566037736,-0.10000000000000003,0
2026-05-25,823625,New York Mets,Cincinnati Reds,0,-0.5170537010159655,0.7746734397677795,0.2576197387518142,-0.09999999999999998,-1
2026-05-25,823219,San Francisco Giants,Arizona Diamondbacks,0,-0.916908563134978,-0.10449927431059525,-1.0214078374455733,-0.4,0
2026-05-25,824437,Cleveland Guardians,Washington Nationals,0,-1.1151515151515152,1.7925925925925927,0.6774410774410774,0.20000000000000007,0
2026-05-25,823296,San Diego Padres,Philadelphia Phillies,0,0.03882438316400538,0.5293904208998548,0.5682148040638607,0.0,0
2026-05-25,822899,Texas Rangers,Houston Astros,0,-0.44943019943019946,1.4537037037037033,1.0042735042735043,-0.19999999999999996,0
2026-05-25,822812,Toronto Blue Jays,Miami Marlins,0,-0.24004192872117347,0.3305380852550668,0.09049615653389237,0.09999999999999998,0
2026-05-25,823948,Los Angeles Dodgers,Colorado Rockies,1,1.1142557651991618,2.052410901467505,3.166666666666667,0.5,0
2026-05-25,825005,Athletics,Seattle Mariners,0,0.34032145352900045,-0.5835080363382246,-0.2431865828092243,0.09999999999999998,0
2026-05-26,824434,Cleveland Guardians,Washington Nationals,0,-1.2396103896103892,1.6165584415584417,0.3769480519480519,0.20000000000000007,0
2026-05-26,824837,Baltimore Orioles,Tampa Bay Rays,1,-0.37581699346405184,-1.3877995642701526,-1.763616557734205,-0.19999999999999996,0
2026-05-26,824275,Detroit Tigers,Los Angeles Angels,0,-0.3204053109713483,0.9025157232704402,0.5821104122990916,-0.2,0
2026-05-26,823379,Pittsburgh Pirates,Chicago Cubs,1,0.0740740740740744,0.0,0.07407407407407407,0.30000000000000004,0
2026-05-26,824758,Boston Red Sox,Atlanta Braves,0,-1.4914529914529915,-0.7051282051282048,-2.1965811965811968,-0.19999999999999996,0
2026-05-26,822811,Toronto Blue Jays,Miami Marlins,1,-0.3454545454545457,0.2141414141414142,-0.1313131313131313,0.0,0
2026-05-26,823624,New York Mets,Cincinnati Reds,0,-0.6009783368273935,0.666666666666667,0.06568832983927325,-0.19999999999999996,0
2026-05-26,824597,Chicago White Sox,Minnesota Twins,0,-0.12054507337526132,-0.199510831586303,-0.32005590496156533,-0.09999999999999998,0
2026-05-26,824106,Kansas City Royals,New York Yankees,0,-0.8888888888888888,-0.8518518518518516,-1.7407407407407407,-0.2,0
2026-05-26,823785,Milwaukee Brewers,St. Louis Cardinals,1,0.4509803921568629,0.9019607843137258,1.352941176470588,0.19999999999999996,0
2026-05-26,822898,Texas Rangers,Houston Astros,1,-0.6075471698113213,1.2600343053173244,0.6524871355060035,-0.39999999999999997,0
2026-05-26,825004,Athletics,Seattle Mariners,0,0.20606060606060606,-0.7016835016835015,-0.49562289562289563,0.0,0
2026-05-26,823294,San Diego Padres,Philadelphia Phillies,0,-0.018867924528302105,0.4643605870020968,0.44549266247379454,0.0,0
2026-05-26,823216,San Francisco Giants,Arizona Diamondbacks,0,-0.974493361285814,-0.1774982529699507,-1.1519916142557651,-0.4,0
2026-05-26,823949,Los Angeles Dodgers,Colorado Rockies,1,1.1303030303030308,2.0515151515151513,3.1818181818181817,0.5,0
2026-05-27,822809,Toronto Blue Jays,Miami Marlins,1,-0.21298701298701328,0.336363636363636,0.12337662337662336,0.09999999999999998,0
2026-05-27,824432,Cleveland Guardians,Washington Nationals,1,-1.2706766917293235,1.5347744360902253,0.2640977443609022,0.09999999999999998,0
2026-05-27,823783,Milwaukee Brewers,St. Louis Cardinals,1,0.5576923076923075,1.0,1.5576923076923077,0.29999999999999993,0
2026-05-27,825003,Athletics,Seattle Mariners,0,0.14772727272727249,-0.7425324675324676,-0.5948051948051948,-0.09999999999999998,0
2026-05-27,823217,San Francisco Giants,Arizona Diamondbacks,0,-0.9939393939393941,-0.2104377104377111,-1.2043771043771043,-0.5,0
2026-05-27,823295,San Diego Padres,Philadelphia Phillies,0,-0.0370370370370372,0.4377104377104373,0.4006734006734007,-0.09999999999999998,0
2026-05-27,824836,Baltimore Orioles,Tampa Bay Rays,1,-0.2741258741258745,-1.2695804195804197,-1.5437062937062938,-0.09999999999999998,0
2026-05-27,824270,Detroit Tigers,Los Angeles Angels,1,-0.38653198653198606,0.8114478114478114,0.4249158249158248,-0.4,0
2026-05-27,823376,Pittsburgh Pirates,Chicago Cubs,0,0.2727272727272725,0.20000000000000018,0.4727272727272727,0.5,0
2026-05-27,824756,Boston Red Sox,Atlanta Braves,1,-1.4809605488850774,-0.7125214408233278,-2.193481989708405,-0.19999999999999996,0
2026-05-27,823626,New York Mets,Cincinnati Reds,1,-0.6818181818181817,0.5626262626262628,-0.11919191919191918,-0.3,0
2026-05-27,824596,Chicago White Sox,Minnesota Twins,1,-0.15521885521885537,-0.23232323232323182,-0.3875420875420875,-0.19999999999999996,0
2026-05-27,824104,Kansas City Royals,New York Yankees,0,-1.1272727272727274,-1.0909090909090908,-2.2181818181818183,-0.2,0
2026-05-27,822897,Texas Rangers,Houston Astros,0,-0.5390211640211637,1.2890211640211637,0.75,-0.19999999999999996,0
2026-05-27,823947,Los Angeles Dodgers,Colorado Rockies,1,1.2740259740259745,2.174675324675325,3.448701298701299,0.6000000000000001,0
2026-05-28,824272,Detroit Tigers,Los Angeles Angels,0,-0.30811688311688323,0.8698051948051946,0.5616883116883118,-0.3,0
2026-05-28,824595,Chicago White Sox,Minnesota Twins,1,0.08311688311688314,0.004870129870129247,0.087987012987013,-0.19999999999999996,0
2026-05-28,824757,Boston Red Sox,Atlanta Braves,0,-1.308862433862434,-0.5542328042328037,-1.8630952380952381,-0.09999999999999998,0
2026-05-28,824834,Baltimore Orioles,Toronto Blue Jays,0,0.5,-1.1607142857142865,-0.6607142857142857,0.0,0
2026-05-28,823378,Pittsburgh Pirates,Chicago Cubs,0,0.16071428571428648,0.08928571428571352,0.25,0.4,0
2026-05-28,822896,Texas Rangers,Houston Astros,0,-0.5476874003189791,1.2488038277511961,0.7011164274322169,-0.19999999999999996,0
2026-05-29,824515,Cincinnati Reds,Atlanta Braves,0,-0.791068580542265,-1.4886762360446575,-2.279744816586922,-0.09999999999999998,1
2026-05-29,822732,Washington Nationals,San Diego Padres,0,1.4775119617224877,-1.529505582137161,-0.05199362041467304,0.19999999999999996,0
2026-05-29,823377,Pittsburgh Pirates,Minnesota Twins,1,0.3157894736842106,0.3157894736842106,0.631578947368421,-0.09999999999999998,0
2026-05-29,824835,Baltimore Orioles,Toronto Blue Jays,0,0.47368421052631593,-1.1578947368421053,-0.6842105263157894,-0.19999999999999996,0
2026-05-29,824433,Cleveland Guardians,Boston Red Sox,1,0.31974921630094055,0.21347962382445118,0.5332288401253918,0.29999999999999993,1
2026-05-29,822978,Tampa Bay Rays,Los Angeles Angels,1,0.5362462760675273,0.8990400529625946,1.4352863290301223,-0.09999999999999998,1
2026-05-29,823623,New York Mets,Miami Marlins,1,-0.40664160401002514,0.11685463659147821,-0.2897869674185464,-0.2,0
2026-05-29,823055,St. Louis Cardinals,Chicago Cubs,1,-0.451175107580271,0.023502151605428345,-0.4276729559748428,0.09999999999999998,1
2026-05-29,824594,Chicago White Sox,Detroit Tigers,1,0.9821428571428572,-0.3392857142857144,0.6428571428571429,0.3,0
2026-05-29,822894,Texas Rangers,Kansas City Royals,1,0.07142857142857162,0.6785714285714284,0.75,0.0,-1
2026-05-29,824191,Houston Astros,Milwaukee Brewers,0,-0.43851659076122296,-1.6711125569290828,-2.1096291476903057,0.0,-1
2026-05-29,824353,Colorado Rockies,San Francisco Giants,1,0.3746867167919796,-0.761278195488722,-0.3865914786967418,-0.09999999999999998,0
2026-05-29,825002,Athletics,New York Yankees,0,-0.7857142857142856,-1.25,-2.0357142857142856,-0.19999999999999996,0
2026-05-29,823135,Seattle Mariners,Arizona Diamondbacks,1,-0.42583732057416324,0.5923444976076557,0.16650717703349283,-0.30000000000000004,0
2026-05-29,823946,Los Angeles Dodgers,Philadelphia Phillies,1,1.339285714285714,1.1071428571428572,2.446428571428571,0.20000000000000007,0
2026-05-30,824593,Chicago White Sox,Detroit Tigers,1,0.9824561403508776,-0.3157894736842106,0.6666666666666667,0.39999999999999997,0
2026-05-30,822731,Washington Nationals,San Diego Padres,1,1.4156403940886695,-1.5369458128078821,-0.12130541871921183,0.19999999999999996,0
2026-05-30,822893,Texas Rangers,Kansas City Royals,1,0.21052631578947345,0.807017543859649,1.0175438596491229,0.2,0
2026-05-30,824833,Baltimore Orioles,Toronto Blue Jays,1,0.4482758620689653,-1.155172413793104,-0.706896551724138,-0.30000000000000004,0
2026-05-30,823375,Pittsburgh Pirates,Minnesota Twins,1,0.3275862068965516,0.3275862068965516,0.6551724137931034,0.09999999999999998,0
2026-05-30,824431,Cleveland Guardians,Boston Red Sox,0,0.3320217917675543,0.22669491525423746,0.5587167070217918,0.29999999999999993,0
2026-05-30,822975,Tampa Bay Rays,Los Angeles Angels,0,0.5830140485312896,0.9342273307790556,1.5172413793103448,0.09999999999999998,0
2026-05-30,823622,New York Mets,Miami Marlins,1,-0.36358136721113077,0.14851784633998744,-0.21506352087114333,-0.10000000000000003,0
2026-05-30,824190,Houston Astros,Milwaukee Brewers,1,-0.44821092278719465,-1.6588198367859381,-2.1070307595731324,-0.10000000000000009,0
2026-05-30,823054,St. Louis Cardinals,Chicago Cubs,0,-0.4240102171136648,0.0395913154533849,-0.384418901660281,0.09999999999999998,0
2026-05-30,824513,Cincinnati Reds,Atlanta Braves,0,-0.8645320197044333,-1.5511083743842362,-2.41564039408867,-0.19999999999999996,0
2026-05-30,824352,Colorado Rockies,San Francisco Giants,1,0.4019963702359348,-0.7126436781609193,-0.31064730792498496,0.0,0
2026-05-30,825000,Athletics,New York Yankees,1,-0.8771929824561404,-1.3333333333333335,-2.210526315789474,-0.29999999999999993,0
2026-05-30,823132,Seattle Mariners,Arizona Diamondbacks,1,-0.402093596059113,0.6009852216748772,0.1988916256157635,-0.10000000000000009,0
2026-05-30,823945,Los Angeles Dodgers,Philadelphia Phillies,0,1.350877192982456,1.1228070175438596,2.473684210526316,0.30000000000000004,0
2026-05-31,824832,Baltimore Orioles,Toronto Blue Jays,1,0.45762711864406835,-1.1186440677966107,-0.6610169491525424,-0.09999999999999998,0
2026-05-31,822729,Washington Nationals,San Diego Padres,1,1.4763603925066904,-1.4231341064525722,0.053226286054118346,0.3,0
2026-05-31,823373,Pittsburgh Pirates,Minnesota Twins,1,0.3389830508474576,0.3389830508474576,0.6779661016949152,0.09999999999999998,0
2026-05-31,824430,Cleveland Guardians,Boston Red Sox,0,0.18859649122806976,0.08684210526315805,0.27543859649122804,0.19999999999999996,0
2026-05-31,822976,Tampa Bay Rays,Los Angeles Angels,1,0.38459167950693374,0.7198767334360552,1.1044684129429894,-0.09999999999999998,0
2026-05-31,824512,Cincinnati Reds,Atlanta Braves,1,-0.902170680939637,-1.5756764793339286,-2.477847160273565,-0.19999999999999996,0
2026-05-31,823621,New York Mets,Miami Marlins,1,-0.27206312098188246,0.23173582700175377,-0.040327293980128576,0.0,0
2026-05-31,824592,Chicago White Sox,Detroit Tigers,1,1.0689655172413794,-0.2068965517241379,0.8620689655172414,0.39999999999999997,0
2026-05-31,824187,Houston Astros,Milwaukee Brewers,0,-0.31969696969696937,-1.5060606060606059,-1.8257575757575757,0.0,0
2026-05-31,822895,Texas Rangers,Kansas City Royals,1,0.22413793103448265,0.8103448275862073,1.0344827586206897,0.2,0
2026-05-31,824354,Colorado Rockies,San Francisco Giants,0,0.4801285797779071,-0.6148451198129745,-0.13471654003506717,0.09999999999999998,0
2026-05-31,825001,Athletics,New York Yankees,0,-0.8275862068965516,-1.2758620689655173,-2.103448275862069,-0.19999999999999996,0
2026-05-31,823133,Seattle Mariners,Arizona Diamondbacks,1,-0.32530478739220925,0.6589354742789175,0.3336306868867083,0.0,0
2026-05-31,823944,Los Angeles Dodgers,Philadelphia Phillies,1,1.3103448275862073,1.0862068965517242,2.396551724137931,0.30000000000000004,0
2026-05-31,823053,St. Louis Cardinals,Chicago Cubs,1,-0.5057010785824341,-0.047765793528505185,-0.5534668721109399,0.0,0
2026-06-01,822974,Tampa Bay Rays,Detroit Tigers,0,1.0853510895883778,-0.00030266343825680053,1.085048426150121,0.3,0
2026-06-01,822730,Washington Nationals,Miami Marlins,0,1.2333333333333334,-0.7333333333333334,0.5,0.19999999999999996,0
2026-06-01,824510,Cincinnati Reds,Kansas City Royals,0,0.6680303915838692,-0.21975452951490393,0.4482758620689655,0.39999999999999997,0
2026-06-01,823702,Minnesota Twins,Chicago White Sox,1,-0.07768361581920935,-0.40790960451977387,-0.485593220338983,-0.29999999999999993,0
2026-06-01,823781,Milwaukee Brewers,San Francisco Giants,1,0.8535108958837769,1.2814769975786922,2.13498789346247,0.39999999999999997,0
2026-06-01,823050,St. Louis Cardinals,Texas Rangers,0,0.286622276029056,-0.4945520581113807,-0.20792978208232446,-0.10000000000000003,0
2026-06-01,824027,Los Angeles Angels,Colorado Rockies,0,0.06666666666666643,0.4666666666666668,0.5333333333333333,0.3,0
2026-06-01,825078,Arizona Diamondbacks,Los Angeles Dodgers,1,-0.7703097603740501,-1.2781998831092927,-2.048509643483343,-0.20000000000000007,0
2026-06-01,823131,Seattle Mariners,New York Mets,1,0.1991525423728815,0.5211864406779663,0.7203389830508474,0.30000000000000004,0
2026-06-02,822971,Tampa Bay Rays,Detroit Tigers,0,1.0543859649122806,-0.021929824561403244,1.0324561403508772,0.10000000000000003,0
2026-06-02,823460,Philadelphia Phillies,San Diego Padres,1,-0.015488018702513262,-0.3217416715371124,-0.33722969023962596,0.2,0
2026-06-02,824754,Boston Red Sox,Baltimore Orioles,0,-0.6005747126436778,1.1477011494252878,0.5471264367816091,-0.29999999999999993,0
2026-06-02,822728,Washington Nationals,Miami Marlins,0,1.1475409836065573,-0.7868852459016393,0.36065573770491804,0.09999999999999998,0
2026-06-02,823541,New York Yankees,Cleveland Guardians,0,1.0875243123089753,0.5570991942206169,1.6446235065295916,0.09999999999999998,0
2026-06-02,824511,Cincinnati Reds,Kansas City Royals,1,0.5395480225988698,-0.3338983050847455,0.2056497175141243,0.2,0
2026-06-02,824918,Atlanta Braves,Toronto Blue Jays,1,1.2000000000000002,0.7333333333333334,1.9333333333333333,0.0,0
2026-06-02,823700,Minnesota Twins,Chicago White Sox,1,-0.027595628415300943,-0.3508196721311476,-0.37841530054644806,-0.19999999999999996,0
2026-06-02,823782,Milwaukee Brewers,San Francisco Giants,1,1.0824561403508777,1.4947368421052634,2.5771929824561406,0.39999999999999997,0
2026-06-02,823052,St. Louis Cardinals,Texas Rangers,0,0.2622807017543858,-0.5008771929824563,-0.23859649122807017,-0.2,0
2026-06-02,824675,Chicago Cubs,Athletics,0,0.4621468926553671,0.4307909604519775,0.8929378531073446,0.0,0
2026-06-02,824189,Houston Astros,Pittsburgh Pirates,0,-0.5740437158469947,-0.4836065573770494,-1.0576502732240438,0.09999999999999998,0
2026-06-02,824026,Los Angeles Angels,Colorado Rockies,0,0.04918032786885185,0.44262295081967196,0.4918032786885246,0.19999999999999996,0
2026-06-02,825079,Arizona Diamondbacks,Los Angeles Dodgers,0,-0.7076271186440675,-1.2059322033898305,-1.9135593220338984,-0.09999999999999998,0
2026-06-02,823129,Seattle Mariners,New York Mets,1,0.21284153005464468,0.528688524590164,0.7415300546448087,0.4,0
2026-06-03,822727,Washington Nationals,Miami Marlins,0,1.064516129032258,-0.838709677419355,0.2258064516129032,0.09999999999999998,0
2026-06-03,822973,Tampa Bay Rays,Detroit Tigers,0,0.9019219898247597,-0.15573770491803263,0.746184284906727,-0.10000000000000003,0
2026-06-03,823701,Minnesota Twins,Chicago White Sox,0,0.005288207297726721,-0.3125330512956106,-0.3072448439978847,-0.19999999999999996,0
2026-06-03,823130,Seattle Mariners,New York Mets,0,0.29032258064516103,0.6017979904812267,0.8921205711263882,0.4,0
2026-06-03,823456,Philadelphia Phillies,San Diego Padres,1,0.001977401129943601,-0.2999999999999998,-0.2980225988700565,0.3,0
2026-06-03,824755,Boston Red Sox,Baltimore Orioles,1,-0.6246179494303972,1.0961378160600166,0.4715198666296193,-0.39999999999999997,0
2026-06-03,823540,New York Yankees,Cleveland Guardians,0,0.9887096774193553,0.4645161290322579,1.453225806451613,0.09999999999999998,0
2026-06-03,824509,Cincinnati Reds,Kansas City Royals,0,0.5469945355191252,-0.31147540983606525,0.2355191256830601,0.2,0
2026-06-03,824917,Atlanta Braves,Toronto Blue Jays,1,1.1967213114754092,0.7377049180327875,1.9344262295081966,0.09999999999999998,0
2026-06-03,823780,Milwaukee Brewers,San Francisco Giants,0,1.1492368569813451,1.5525720746184288,2.701808931599774,0.39999999999999997,0
2026-06-03,823051,St. Louis Cardinals,Texas Rangers,1,0.20859242509892617,-0.5440927077444879,-0.3355002826455625,-0.3,0
2026-06-03,824671,Chicago Cubs,Athletics,0,0.43879781420764985,0.4062841530054646,0.8450819672131148,0.0,0
2026-06-03,824188,Houston Astros,Pittsburgh Pirates,1,-0.6306187202538336,-0.5399259650978321,-1.1705446853516657,-0.09999999999999998,0
2026-06-03,824024,Los Angeles Angels,Colorado Rockies,1,-0.04838709677419306,0.338709677419355,0.29032258064516137,0.09999999999999998,0
2026-06-03,825077,Arizona Diamondbacks,Los Angeles Dodgers,0,-0.7122950819672136,-1.2030054644808748,-1.9153005464480872,-0.20000000000000007,0
2026-06-04,823457,Philadelphia Phillies,San Diego Padres,1,0.018852459016393208,-0.27896174863388,-0.26010928961748636,0.49999999999999994,0
2026-06-04,824753,Boston Red Sox,Baltimore Orioles,0,-0.49946236559139834,1.1930107526881724,0.6935483870967742,-0.19999999999999996,0
2026-06-04,823542,New York Yankees,Cleveland Guardians,1,0.9565443663804318,0.4405412438199323,1.3970856102003641,0.09999999999999998,0
2026-06-04,823779,Milwaukee Brewers,San Francisco Giants,0,1.1104428649535265,1.5133952979770369,2.6238381629305634,0.39999999999999997,0
2026-06-04,824919,Atlanta Braves,Toronto Blue Jays,0,1.241935483870968,0.790322580645161,2.032258064516129,0.19999999999999996,0
2026-06-04,823698,Minnesota Twins,Kansas City Royals,0,0.7644649257552478,-0.3389656938044032,0.4254992319508448,0.0,0
2026-06-04,824672,Chicago Cubs,Athletics,1,0.4153886832363831,0.38339502908514067,0.798783712321523,-0.10000000000000003,0
2026-06-04,824185,Houston Astros,Pittsburgh Pirates,0,-0.5898617511520738,-0.4979518689196114,-1.0878136200716846,-0.09999999999999998,0
2026-06-04,825076,Arizona Diamondbacks,Los Angeles Dodgers,1,-0.814912744579587,-1.2971972501322053,-2.1121099947117927,-0.30000000000000004,0
2026-06-05,824673,Chicago Cubs,San Francisco Giants,0,0.7301587301587302,0.5555555555555554,1.2857142857142856,0.10000000000000003,0
2026-06-05,824271,Detroit Tigers,Seattle Mariners,1,-0.41551459293394766,-0.5445468509984641,-0.9600614439324117,-0.30000000000000004,0
2026-06-05,823455,Philadelphia Phillies,Chicago White Sox,1,-0.82258064516129,0.2903225806451619,-0.532258064516129,0.0,-1
2026-06-05,823538,New York Yankees,Boston Red Sox,0,1.0970386039132736,0.5013220518244315,1.598360655737705,0.29999999999999993,0
2026-06-05,822810,Toronto Blue Jays,Baltimore Orioles,0,-0.4920634920634921,0.9682539682539684,0.4761904761904762,-0.19999999999999996,0
2026-06-05,823860,Miami Marlins,Tampa Bay Rays,0,-0.37315039009954276,0.002690341673392993,-0.3704600484261501,0.3,0
2026-06-05,824914,Atlanta Braves,Pittsburgh Pirates,1,0.06349206349206327,1.079365079365079,1.1428571428571428,-0.09999999999999998,0
2026-06-05,824186,Houston Astros,Athletics,1,0.24143145161290303,-0.318548387096774,-0.077116935483871,0.09999999999999998,0
2026-06-05,823049,St. Louis Cardinals,Cincinnati Reds,1,-0.07363156432342333,0.6271186440677967,0.5534870797443734,-0.2,0
2026-06-05,822892,Texas Rangers,Cleveland Guardians,1,-0.10887096774193505,0.16028225806451601,0.051411290322580655,0.09999999999999998,1
2026-06-05,823699,Minnesota Twins,Kansas City Royals,1,0.7202380952380953,-0.36458333333333304,0.35565476190476186,0.0,0
2026-06-05,824350,Colorado Rockies,Milwaukee Brewers,0,-0.6992063492063494,-2.101587301587302,-2.8007936507936506,-0.29999999999999993,1
2026-06-05,825073,Arizona Diamondbacks,Washington Nationals,0,-0.8023553507424479,1.025601638504865,0.22324628776241678,0.0,-1
2026-06-05,823293,San Diego Padres,New York Mets,0,-0.19592808038075127,0.2416710735060814,0.04574299312533053,-0.4,-1
2026-06-05,823943,Los Angeles Dodgers,Los Angeles Angels,1,0.8571428571428568,2.0634920634920637,2.920634920634921,0.19999999999999996,-1
2026-06-06,824269,Detroit Tigers,Seattle Mariners,0,-0.345734126984127,-0.4732142857142856,-0.8189484126984127,-0.30000000000000004,0
2026-06-06,823697,Minnesota Twins,Kansas City Royals,0,0.7401442307692312,-0.328125,0.41201923076923075,0.0,0
2026-06-06,823048,St. Louis Cardinals,Cincinnati Reds,1,0.043548387096773666,0.7306451612903233,0.7741935483870968,0.0,0
2026-06-06,824669,Chicago Cubs,San Francisco Giants,1,0.484375,0.3125,0.796875,0.0,0
2026-06-06,822808,Toronto Blue Jays,Baltimore Orioles,1,-0.640625,0.796875,0.15625,-0.19999999999999996,0
2026-06-06,823454,Philadelphia Phillies,Chicago White Sox,0,-0.7777777777777777,0.3174603174603172,-0.4603174603174603,0.20000000000000007,0
2026-06-06,825075,Arizona Diamondbacks,Washington Nationals,0,-0.9937996031746028,0.8040674603174605,-0.18973214285714285,-0.09999999999999998,0
2026-06-06,824184,Houston Astros,Athletics,1,0.3008547008547007,-0.252014652014652,0.04884004884004889,0.2,0
2026-06-06,824915,Atlanta Braves,Pittsburgh Pirates,1,0.109375,1.109375,1.21875,0.09999999999999998,0
2026-06-06,823859,Miami Marlins,Tampa Bay Rays,1,-0.46250000000000036,-0.09583333333333321,-0.5583333333333333,0.10000000000000003,0
2026-06-06,822891,Texas Rangers,Cleveland Guardians,0,-0.09230769230769198,0.17411477411477394,0.0818070818070818,0.29999999999999993,0
2026-06-06,824351,Colorado Rockies,Milwaukee Brewers,0,-0.722592213114754,-2.0973360655737703,-2.8199282786885247,-0.29999999999999993,0
2026-06-06,823942,Los Angeles Dodgers,Los Angeles Angels,1,0.859375,2.046875,2.90625,0.29999999999999993,0
2026-06-06,823292,San Diego Padres,New York Mets,1,-0.2731694828469018,0.15821812596006168,-0.11495135688684077,-0.5,0
2026-06-07,824916,Atlanta Braves,Pittsburgh Pirates,1,0.1538461538461542,1.138461538461538,1.2923076923076922,0.19999999999999996,0
2026-06-07,823453,Philadelphia Phillies,Chicago White Sox,1,-0.8125,0.265625,-0.546875,0.0,0
2026-06-07,823537,New York Yankees,Boston Red Sox,1,1.0476190476190474,0.46134152585765476,1.5089605734767024,0.09999999999999998,0
2026-06-07,822807,Toronto Blue Jays,Baltimore Orioles,1,-0.6000000000000005,0.815384615384616,0.2153846153846154,-0.09999999999999998,0
2026-06-07,824268,Detroit Tigers,Seattle Mariners,1,-0.4028846153846155,-0.5274038461538462,-0.9302884615384616,-0.30000000000000004,0
2026-06-07,823857,Miami Marlins,Tampa Bay Rays,1,-0.43833543505674655,-0.07944514501891575,-0.5177805800756621,0.10000000000000003,0
2026-06-07,824183,Houston Astros,Athletics,0,0.4640151515151514,-0.07765151515151558,0.38636363636363635,0.3,0
2026-06-07,823696,Minnesota Twins,Kansas City Royals,0,0.7139860139860139,-0.33892773892773853,0.37505827505827505,-0.10000000000000003,0
2026-06-07,823047,St. Louis Cardinals,Cincinnati Reds,1,0.059588862867551384,0.7345823575331769,0.7941712204007286,0.2,0
2026-06-07,822890,Texas Rangers,Cleveland Guardians,1,-0.1837121212121211,0.07954545454545459,-0.10416666666666666,0.09999999999999998,0
2026-06-07,824349,Colorado Rockies,Milwaukee Brewers,0,-0.8052109181141445,-2.1593052109181143,-2.964516129032258,-0.29999999999999993,0
2026-06-07,825074,Arizona Diamondbacks,Washington Nationals,1,-1.0562500000000004,0.7144230769230768,-0.3418269230769231,-0.2,0
2026-06-07,823941,Los Angeles Dodgers,Los Angeles Angels,0,0.953846153846154,2.1230769230769235,3.0769230769230766,0.39999999999999997,0
2026-06-07,823291,San Diego Padres,New York Mets,0,-0.2534722222222223,0.171875,-0.08159722222222221,-0.39999999999999997,0
2026-06-07,824670,Chicago Cubs,San Francisco Giants,0,0.49230769230769234,0.3230769230769237,0.8153846153846154,0.09999999999999998,0
2026-06-08,824829,Baltimore Orioles,Seattle Mariners,0,0.4696969696969697,-1.3787878787878785,-0.9090909090909092,-0.19999999999999996,0
2026-06-08,822972,Tampa Bay Rays,Boston Red Sox,1,0.6121351766513055,-0.35637480798771115,0.2557603686635945,-0.2,0
2026-06-08,824427,Cleveland Guardians,New York Yankees,0,-1.0027985074626864,-0.482276119402985,-1.4850746268656716,-0.09999999999999998,0
2026-06-08,822806,Toronto Blue Jays,Philadelphia Phillies,0,0.09044289044289044,0.004895104895104474,0.09533799533799536,-0.19999999999999996,0
2026-06-08,824025,Los Angeles Angels,Houston Astros,0,-0.17299864314789648,-0.16689280868385303,-0.33989145183175035,-0.09999999999999998,0
2026-06-08,823289,San Diego Padres,Cincinnati Reds,1,-0.53125,1.046875,0.515625,0.0,0
2026-06-08,823218,San Francisco Giants,Washington Nationals,0,-1.212121212121212,0.42424242424242387,-0.7878787878787878,0.09999999999999998,0
2026-06-08,824998,Athletics,Milwaukee Brewers,0,-1.0222222222222221,-1.3059829059829058,-2.3282051282051284,-0.29999999999999993,0
2026-06-09,824830,Baltimore Orioles,Seattle Mariners,0,0.41791044776119435,-1.4029850746268657,-0.9850746268656716,-0.19999999999999996,0
2026-06-09,823374,Pittsburgh Pirates,Los Angeles Dodgers,0,-0.18181818181818166,-1.378787878787879,-1.5606060606060606,-0.09999999999999998,0
2026-06-09,822969,Tampa Bay Rays,Boston Red Sox,1,0.6334325396825395,-0.3187003968253972,0.31473214285714285,0.0,0
2026-06-09,824267,Detroit Tigers,Minnesota Twins,1,-0.7662456946039033,0.7081515499425945,-0.058094144661308855,0.2,0
2026-06-09,823858,Miami Marlins,Arizona Diamondbacks,1,-0.17202797202797182,0.022843822843823247,-0.14918414918414918,0.2,0
2026-06-09,824429,Cleveland Guardians,New York Yankees,0,-1.0187782805429864,-0.503619909502262,-1.5223981900452488,-0.19999999999999996,0
2026-06-09,822805,Toronto Blue Jays,Philadelphia Phillies,1,0.044097693351424105,-0.04047942107643543,0.003618272274988704,-0.29999999999999993,0
2026-06-09,823620,New York Mets,St. Louis Cardinals,0,-0.3101736972704714,0.1848635235732008,-0.1253101736972705,0.09999999999999998,0
2026-06-09,824105,Kansas City Royals,Texas Rangers,1,-0.12167832167832149,-0.8209790209790211,-0.9426573426573427,-0.19999999999999996,0
2026-06-09,824591,Chicago White Sox,Atlanta Braves,1,-0.44289044289044277,-1.191608391608392,-1.6344988344988345,-0.20000000000000007,0
2026-06-09,824347,Colorado Rockies,Chicago Cubs,1,-0.28787878787878807,-1.257575757575757,-1.5454545454545454,0.0,0
2026-06-09,824023,Los Angeles Angels,Houston Astros,1,-0.18525021949078102,-0.17910447761193993,-0.3643546971027217,-0.2,0
2026-06-09,823290,San Diego Padres,Cincinnati Reds,0,-0.4615384615384617,1.092307692307692,0.6307692307692307,0.09999999999999998,0
2026-06-09,823214,San Francisco Giants,Washington Nationals,0,-1.2089552238805972,0.4029850746268657,-0.8059701492537313,0.0,0
2026-06-09,824999,Athletics,Milwaukee Brewers,1,-1.0265151515151514,-1.2964015151515156,-2.3229166666666665,-0.29999999999999993,0
2026-06-10,822970,Tampa Bay Rays,Boston Red Sox,1,0.6389423076923078,-0.29807692307692335,0.3408653846153846,0.0,0
2026-06-10,824428,Cleveland Guardians,New York Yankees,0,-1.0171277997364951,-0.5118577075098818,-1.5289855072463767,-0.3,0
2026-06-10,823215,San Francisco Giants,Washington Nationals,1,-1.2352941176470589,0.35294117647058876,-0.8823529411764706,-0.09999999999999998,0
2026-06-10,823287,San Diego Padres,Cincinnati Reds,1,-0.4848484848484844,1.0454545454545459,0.5606060606060606,-0.09999999999999998,0
2026-06-10,824831,Baltimore Orioles,Seattle Mariners,1,0.39705882352941213,-1.3970588235294121,-1.0,-0.19999999999999996,0
2026-06-10,823372,Pittsburgh Pirates,Los Angeles Dodgers,1,-0.3134328358208949,-1.4925373134328357,-1.8059701492537312,-0.09999999999999998,0
2026-06-10,824266,Detroit Tigers,Minnesota Twins,0,-0.6639928698752224,0.786096256684492,0.12210338680926913,0.3,0
2026-06-10,823856,Miami Marlins,Arizona Diamondbacks,1,-0.11013116236996812,0.08344640434192652,-0.0266847580280416,0.3,0
2026-06-10,822804,Toronto Blue Jays,Philadelphia Phillies,0,0.058604038630377,-0.025460930640912594,0.03314310798946446,-0.29999999999999993,0
2026-06-10,823618,New York Mets,St. Louis Cardinals,0,-0.41341991341991324,0.07287157287157253,-0.34054834054834054,-0.09999999999999998,0
2026-06-10,824103,Kansas City Royals,Texas Rangers,0,-0.08977838082315737,-0.7786069651741294,-0.8683853459972863,-0.09999999999999998,0
2026-06-10,824590,Chicago White Sox,Atlanta Braves,1,-0.4210764360018091,-1.1589778380823157,-1.5800542740841248,-0.09999999999999998,0
2026-06-10,824348,Colorado Rockies,Chicago Cubs,1,-0.2238805970149258,-1.1791044776119408,-1.4029850746268657,0.2,0
2026-06-10,824996,Athletics,Milwaukee Brewers,1,-0.9811710677382317,-1.2456946039035595,-2.226865671641791,-0.19999999999999996,0
2026-06-10,824022,Los Angeles Angels,Houston Astros,1,-0.050937766410911856,-0.04518329070758664,-0.0961210571184995,-0.09999999999999998,0
2026-06-11,823619,New York Mets,St. Louis Cardinals,1,-0.5149253731343282,-0.03428171641791078,-0.5492070895522387,-0.19999999999999996,0
2026-06-11,824265,Detroit Tigers,Minnesota Twins,1,-0.6833225178455549,0.7449707981829983,0.061648280337443184,0.19999999999999996,0
2026-06-11,823855,Miami Marlins,Arizona Diamondbacks,1,0.01009657594380986,0.20061457418788375,0.21071115013169447,0.39999999999999997,0
2026-06-11,824101,Kansas City Royals,Texas Rangers,0,-0.11830553116769105,-0.7965320456540828,-0.9148375768217736,-0.09999999999999998,0
2026-06-11,824346,Colorado Rockies,Chicago Cubs,0,-0.20588235294117663,-1.1470588235294121,-1.3529411764705883,0.2,0
2026-06-11,823371,Pittsburgh Pirates,Los Angeles Dodgers,0,-0.2941176470588234,-1.4558823529411766,-1.7500000000000002,-0.09999999999999998,0
2026-06-11,824827,Baltimore Orioles,Seattle Mariners,1,0.46376811594202927,-1.304347826086956,-0.8405797101449275,-0.09999999999999998,0
2026-06-12,823370,Pittsburgh Pirates,Miami Marlins,0,0.7971014492753623,-0.42028985507246386,0.37681159420289856,-0.4,0
2026-06-12,822726,Washington Nationals,Seattle Mariners,0,1.148447204968944,-1.418426501035197,-0.2699792960662526,0.0,1
2026-06-12,824826,Baltimore Orioles,San Diego Padres,1,0.9226012793176972,-1.0987206823027726,-0.17611940298507464,0.2,-1
2026-06-12,824425,Cleveland Guardians,Detroit Tigers,1,0.013445378151260456,0.10672268907562987,0.12016806722689075,-0.39999999999999997,1
2026-06-12,824752,Boston Red Sox,Texas Rangers,1,-0.1350267379679142,-0.3123885918003566,-0.4474153297682709,-0.29999999999999993,1
2026-06-12,824507,Cincinnati Reds,Arizona Diamondbacks,0,0.01865671641791078,-0.47168568920105436,-0.4530289727831431,0.0,1
2026-06-12,823617,New York Mets,Atlanta Braves,1,-1.1470588235294121,-0.7941176470588234,-1.9411764705882353,-0.09999999999999998,-1
2026-06-12,822803,Toronto Blue Jays,New York Yankees,1,-1.0320138438243562,-0.7661691542288556,-1.7981829980532122,-0.19999999999999996,0
2026-06-12,824588,Chicago White Sox,Los Angeles Dodgers,1,-0.6595284447328575,-1.2636815920398008,-1.9232100367726583,0.0,1
2026-06-12,823778,Milwaukee Brewers,Philadelphia Phillies,1,1.2745098039215685,0.4919786096256682,1.766488413547237,-0.09999999999999998,0
2026-06-12,824102,Kansas City Royals,Houston Astros,0,-0.6014492753623188,0.41966873706004115,-0.18178053830227747,0.19999999999999996,-1
2026-06-12,823695,Minnesota Twins,St. Louis Cardinals,1,0.05054945054945037,-0.8824175824175828,-0.8318681318681319,-0.29999999999999993,0
2026-06-12,824020,Los Angeles Angels,Tampa Bay Rays,1,-0.10546265328873972,-0.6878483835005573,-0.7933110367892977,-0.09999999999999998,0
2026-06-12,824997,Athletics,Colorado Rockies,1,0.07800511508951491,0.768329070758738,0.8463341858482524,0.09999999999999998,1
2026-06-12,823211,San Francisco Giants,Chicago Cubs,0,-0.4057971014492754,-0.3913043478260869,-0.7971014492753623,0.2,1
2026-06-13,823694,Minnesota Twins,St. Louis Cardinals,0,0.06017925736235519,-0.8508322663252237,-0.7906530089628682,-0.19999999999999996,0
2026-06-13,822802,Toronto Blue Jays,New York Yankees,0,-0.9743697478991589,-0.710504201680672,-1.684873949579832,-0.09999999999999998,0
2026-06-13,824828,Baltimore Orioles,San Diego Padres,0,0.9664457332228666,-1.0250621375310693,-0.05861640430820214,0.2,0
2026-06-13,822725,Washington Nationals,Seattle Mariners,1,1.0189134808853115,-1.5120724346076453,-0.493158953722334,-0.09999999999999998,0
2026-06-13,823369,Pittsburgh Pirates,Miami Marlins,1,0.7142857142857144,-0.48571428571428577,0.22857142857142856,-0.6000000000000001,0
2026-06-13,824508,Cincinnati Reds,Arizona Diamondbacks,1,-0.0255754475703327,-0.508312020460358,-0.5338874680306905,-0.09999999999999998,0
2026-06-13,824426,Cleveland Guardians,Detroit Tigers,1,0.028169014084507005,0.1187997550520512,0.14696876913655849,-0.29999999999999993,0
2026-06-13,824749,Boston Red Sox,Texas Rangers,1,0.0,-0.17607614103396108,-0.17607614103396063,-0.19999999999999996,0
2026-06-13,823616,New York Mets,Atlanta Braves,0,-1.1014492753623184,-0.7536231884057973,-1.855072463768116,0.0,0
2026-06-13,824587,Chicago White Sox,Los Angeles Dodgers,0,-0.5630252100840334,-1.1588235294117646,-1.7218487394957982,0.0,0
2026-06-13,824100,Kansas City Royals,Houston Astros,0,-0.6203219315895367,0.38450704225352084,-0.23581488933601613,0.0,0
2026-06-13,823776,Milwaukee Brewers,Philadelphia Phillies,0,1.3432835820895521,0.5734371620160075,1.9167207441055591,-0.09999999999999998,0
2026-06-13,824995,Athletics,Colorado Rockies,1,0.10579710144927557,0.7861283643892341,0.8919254658385093,0.19999999999999996,0
2026-06-13,823213,San Francisco Giants,Chicago Cubs,0,-0.4571428571428564,-0.44285714285714306,-0.9,0.09999999999999998,0
2026-06-13,824019,Los Angeles Angels,Tampa Bay Rays,1,-0.08831168831168856,-0.6640692640692638,-0.7523809523809524,0.09999999999999998,0
2026-06-14,823368,Pittsburgh Pirates,Miami Marlins,0,0.71830985915493,-0.464788732394366,0.2535211267605634,-0.5,0
2026-06-14,824823,Baltimore Orioles,San Diego Padres,0,0.8665458937198065,-1.0948067632850238,-0.2282608695652174,0.09999999999999998,0
2026-06-14,822722,Washington Nationals,Seattle Mariners,1,1.0747261345852896,-1.4211658841940533,-0.3464397496087637,0.09999999999999998,0
2026-06-14,822801,Toronto Blue Jays,New York Yankees,0,-0.9879567258624213,-0.7297407634211064,-1.717697489283527,-0.09999999999999998,0
2026-06-14,824506,Cincinnati Reds,Arizona Diamondbacks,0,-0.011387163561076719,-0.48592132505176,-0.4973084886128365,0.0,0
2026-06-14,823615,New York Mets,Atlanta Braves,1,-1.1142857142857139,-0.7714285714285714,-1.8857142857142857,-0.09999999999999998,0
2026-06-14,824099,Kansas City Royals,Houston Astros,1,-0.625,0.36463223787167376,-0.2603677621283255,-0.09999999999999998,0
2026-06-14,823693,Minnesota Twins,St. Louis Cardinals,1,0.013059701492537101,-0.8789386401326702,-0.8658789386401327,-0.39999999999999997,0
2026-06-14,824586,Chicago White Sox,Los Angeles Dodgers,1,-0.6411512553582366,-1.228005715452133,-1.8691569708103695,-0.09999999999999998,0
2026-06-14,823777,Milwaukee Brewers,Philadelphia Phillies,1,1.3109243697478998,0.5487394957983192,1.8596638655462183,-0.19999999999999996,0
2026-06-14,824994,Athletics,Colorado Rockies,0,0.132997987927566,0.8032193158953724,0.9362173038229377,0.3,0
2026-06-14,823212,San Francisco Giants,Chicago Cubs,1,-0.52112676056338,-0.507042253521127,-1.028169014084507,0.0,0
2026-06-14,824021,Los Angeles Angels,Tampa Bay Rays,0,0.029430313222619908,-0.5389951650199709,-0.5095648517973512,0.19999999999999996,0
2026-06-14,824751,Boston Red Sox,Texas Rangers,0,0.04369747899159648,-0.13025210084033612,-0.0865546218487395,-0.09999999999999998,0
2026-06-15,823452,Philadelphia Phillies,Miami Marlins,1,-0.2914710485133014,-0.03247261345852959,-0.323943661971831,-0.20000000000000007,0
2026-06-15,822724,Washington Nationals,Kansas City Royals,1,1.4444444444444446,-0.5833333333333339,0.8611111111111112,0.09999999999999998,0
2026-06-15,824505,Cincinnati Reds,New York Mets,1,0.12937625754527193,-0.8030181086519113,-0.6736418511066399,-0.39999999999999997,0
2026-06-15,823046,St. Louis Cardinals,San Diego Padres,1,0.7172268907563022,-0.3243697478991594,0.39285714285714285,0.19999999999999996,0
2026-06-15,824666,Chicago Cubs,Colorado Rockies,1,0.0,1.375,1.375,0.2,0
2026-06-15,822887,Texas Rangers,Minnesota Twins,0,-0.6160524792591158,1.2759019872660624,0.6598495080069458,0.09999999999999998,0
2026-06-15,824181,Houston Astros,Detroit Tigers,0,0.6045009784735811,-0.8958904109589039,-0.2913894324853229,-0.09999999999999998,-1
2026-06-15,825071,Arizona Diamondbacks,Los Angeles Angels,1,-0.2607589984350547,0.5068466353677623,0.24608763693270735,-0.19999999999999996,0
2026-06-15,824993,Athletics,Pittsburgh Pirates,1,-0.47906885758998374,-0.4336854460093891,-0.912754303599374,0.2,0
2026-06-15,823938,Los Angeles Dodgers,Tampa Bay Rays,1,0.8316993464052285,1.0089869281045756,1.8406862745098038,0.0,0
2026-06-16,823451,Philadelphia Phillies,Miami Marlins,1,-0.19101978691019816,0.06468797564687989,-0.1263318112633181,-0.09999999999999998,0
2026-06-16,822723,Washington Nationals,Kansas City Royals,1,1.4794520547945207,-0.5205479452054789,0.9589041095890412,0.29999999999999993,0
2026-06-16,824750,Boston Red Sox,Toronto Blue Jays,0,-0.0404589371980677,0.2880434782608692,0.24758454106280195,-0.09999999999999998,0
2026-06-16,823535,New York Yankees,Chicago White Sox,1,0.35714285714285676,0.9999999999999996,1.357142857142857,0.09999999999999998,0
2026-06-16,824504,Cincinnati Reds,New York Mets,1,0.295774647887324,-0.6242175273865413,-0.3284428794992176,-0.2,0
2026-06-16,824912,Atlanta Braves,San Francisco Giants,0,0.9452269170579033,1.3395931142410018,2.2848200312989047,0.0,0
2026-06-16,823775,Milwaukee Brewers,Cleveland Guardians,1,1.3484299516908207,0.3164251207729465,1.6648550724637683,0.19999999999999996,-1
2026-06-16,823045,St. Louis Cardinals,San Diego Padres,1,0.7487242294345786,-0.27577056542151457,0.47295366401306393,0.19999999999999996,0
2026-06-16,824667,Chicago Cubs,Colorado Rockies,0,0.013698630136985912,1.3698630136986303,1.3835616438356166,0.2,0
2026-06-16,822888,Texas Rangers,Minnesota Twins,0,-0.6355105105105108,1.231606606606607,0.5960960960960962,0.0,0
2026-06-16,824182,Houston Astros,Detroit Tigers,1,0.5123715264560333,-0.9655500570993523,-0.45317853064331937,-0.09999999999999998,0
2026-06-16,825070,Arizona Diamondbacks,Los Angeles Angels,0,-0.243531202435312,0.5138888888888893,0.2703576864535769,-0.09999999999999998,0
2026-06-16,824991,Athletics,Pittsburgh Pirates,0,-0.34798325722983225,-0.3038432267884321,-0.6518264840182648,0.39999999999999997,0
2026-06-16,823128,Seattle Mariners,Baltimore Orioles,1,-0.4383561643835616,1.1643835616438358,0.726027397260274,0.0,0
2026-06-16,823939,Los Angeles Dodgers,Tampa Bay Rays,1,0.8352193766130638,1.0085368274766728,1.843756204089736,0.09999999999999998,0
2026-06-16,824912,Atlanta Braves,San Francisco Giants,0,0.8632039573820398,1.2520928462709282,2.115296803652968,-0.09999999999999998,0
2026-06-17,824503,Cincinnati Reds,New York Mets,0,0.3192541856925417,-0.5878995433789953,-0.26864535768645365,0.0,0
2026-06-17,822721,Washington Nationals,Kansas City Royals,0,1.4864864864864864,-0.48648648648648596,1.0,0.29999999999999993,0
2026-06-17,823450,Philadelphia Phillies,Miami Marlins,0,-0.10662717512032494,0.14531654942613859,0.03868937430581268,-0.09999999999999998,0
2026-06-17,824178,Houston Astros,Detroit Tigers,1,0.5333333333333332,-0.9261111111111111,-0.3927777777777778,0.0,0
2026-06-17,823044,St. Louis Cardinals,San Diego Padres,0,0.7515873015873016,-0.2571428571428571,0.49444444444444446,0.19999999999999996,0
2026-06-17,823940,Los Angeles Dodgers,Tampa Bay Rays,1,0.8409266409266412,1.0057915057915054,1.8467181467181468,0.19999999999999996,0
2026-06-17,825072,Arizona Diamondbacks,Los Angeles Angels,1,-0.3356164383561646,0.4118844872269527,0.07626804887078864,-0.19999999999999996,0
2026-06-17,824746,Boston Red Sox,Toronto Blue Jays,0,-0.11017612524461828,0.21448140900195778,0.10430528375733855,-0.2,0
2026-06-17,823536,New York Yankees,Chicago White Sox,1,0.492957746478873,1.126760563380282,1.619718309859155,0.20000000000000007,0
2026-06-17,824913,Atlanta Braves,San Francisco Giants,0,0.7834135505368378,1.1669751943724544,1.9503887449092927,-0.09999999999999998,0
2026-06-17,823774,Milwaukee Brewers,Cleveland Guardians,1,1.3416829745596868,0.32739726027397253,1.6690802348336595,0.39999999999999997,0
2026-06-17,824668,Chicago Cubs,Colorado Rockies,1,-0.027027027027027195,1.3108108108108114,1.2837837837837838,0.09999999999999998,0
2026-06-17,824992,Athletics,Pittsburgh Pirates,0,-0.35671973343206265,-0.31340244353943003,-0.670122176971492,0.3,0
2026-06-17,823127,Seattle Mariners,Baltimore Orioles,0,-0.40540540540540526,1.1756756756756759,0.7702702702702703,0.2,0
2026-06-18,824748,Boston Red Sox,Toronto Blue Jays,0,-0.1515036162923482,0.1716787209744952,0.02017510468214695,-0.3,0
2026-06-18,823772,Milwaukee Brewers,Cleveland Guardians,0,1.3932242101256191,0.39036924248191873,1.7835934526075372,0.39999999999999997,0
2026-06-18,822889,Texas Rangers,Minnesota Twins,0,-0.7610958904109588,1.0789041095890415,0.3178082191780822,-0.09999999999999998,0
2026-06-18,823125,Seattle Mariners,Baltimore Orioles,1,-0.42666666666666675,1.1333333333333337,0.7066666666666667,0.0,0
2026-06-18,823448,Philadelphia Phillies,New York Mets,0,0.0540540540540535,-0.06756756756756754,-0.013513513513513514,0.09999999999999998,0
2026-06-18,823533,New York Yankees,Chicago White Sox,0,0.5555555555555554,1.1805555555555558,1.7361111111111112,0.30000000000000004,0
2026-06-18,824098,Kansas City Royals,St. Louis Cardinals,1,-0.49370892018779333,-0.4116431924882633,-0.9053521126760564,-0.19999999999999996,0
2026-06-18,824989,Athletics,Los Angeles Angels,1,0.1412612612612616,-0.3104504504504506,-0.16918918918918913,0.0,0
2026-06-19,824663,Chicago Cubs,Toronto Blue Jays,1,0.5066666666666668,-0.21333333333333382,0.29333333333333333,-0.09999999999999998,1
2026-06-19,824264,Detroit Tigers,Chicago White Sox,1,-0.7534246575342465,0.5342465753424657,-0.2191780821917808,-0.19999999999999996,1
2026-06-19,823534,New York Yankees,Cincinnati Reds,1,0.9589041095890414,1.3698630136986298,2.328767123287671,0.4,-1
2026-06-19,822966,Tampa Bay Rays,Washington Nationals,1,-0.9900469483568077,0.8604694835680746,-0.1295774647887324,-0.19999999999999996,0
2026-06-19,823853,Miami Marlins,San Francisco Giants,1,0.09333333333333371,0.42666666666666675,0.52,0.09999999999999998,0
2026-06-19,824910,Atlanta Braves,Milwaukee Brewers,1,-0.34647147147147184,0.019144144144144448,-0.3273273273273274,-0.3,1
2026-06-19,822886,Texas Rangers,San Diego Padres,1,0.11032950758978188,-0.14920399851906696,-0.038874490929285466,-0.09999999999999998,-1
2026-06-19,824179,Houston Astros,Cleveland Guardians,1,0.5529824561403509,-0.9991228070175442,-0.446140350877193,0.09999999999999998,1
2026-06-19,824097,Kansas City Royals,St. Louis Cardinals,1,-0.38304093567251485,-0.2938596491228065,-0.6769005847953216,-0.09999999999999998,0
2026-06-19,824345,Colorado Rockies,Pittsburgh Pirates,1,-0.4666666666666668,-0.9200000000000008,-1.3866666666666667,0.0,0
2026-06-19,824990,Athletics,Los Angeles Angels,1,0.20526315789473681,-0.239649122807017,-0.03438596491228063,0.09999999999999998,0
2026-06-19,825069,Arizona Diamondbacks,Minnesota Twins,1,-0.5600995732574683,0.6191322901849219,0.059032716927453766,-0.09999999999999998,1
2026-06-19,823936,Los Angeles Dodgers,Baltimore Orioles,1,0.6878947368421056,1.7057894736842107,2.393684210526316,0.19999999999999996,1
2026-06-19,823124,Seattle Mariners,Boston Red Sox,0,0.29385964912280693,0.189327485380117,0.48318713450292394,0.3,0
2026-06-20,824263,Detroit Tigers,Chicago White Sox,1,-0.7297297297297298,0.5405405405405403,-0.1891891891891892,0.0,0
2026-06-20,823532,New York Yankees,Cincinnati Reds,0,1.0135135135135132,1.4189189189189189,2.4324324324324325,0.4,0
2026-06-20,824665,Chicago Cubs,Toronto Blue Jays,0,0.6842105263157894,-0.02631578947368407,0.6578947368421053,0.09999999999999998,0
2026-06-20,822885,Texas Rangers,San Diego Padres,0,0.13495495495495513,-0.1196396396396393,0.015315315315315325,-0.09999999999999998,0
2026-06-20,822967,Tampa Bay Rays,Washington Nationals,0,-0.9371345029239766,0.8903508771929829,-0.04678362573099415,-0.09999999999999998,0
2026-06-20,823854,Miami Marlins,San Francisco Giants,1,0.10526315789473717,0.4342105263157894,0.5394736842105263,0.19999999999999996,0
2026-06-20,824909,Atlanta Braves,Milwaukee Brewers,1,-0.3273059360730599,0.03196347031963498,-0.2953424657534247,-0.2,0
2026-06-20,824180,Houston Astros,Cleveland Guardians,0,0.6238892686261104,-0.9073820915926181,-0.28349282296650713,0.3,0
2026-06-20,823447,Philadelphia Phillies,New York Mets,1,0.026666666666666394,-0.09333333333333282,-0.06666666666666665,0.0,0
2026-06-20,824342,Colorado Rockies,Pittsburgh Pirates,1,-0.44736842105263186,-0.8947368421052628,-1.3421052631578947,0.09999999999999998,0
2026-06-20,824988,Athletics,Los Angeles Angels,0,0.2168489405331515,-0.22453861927546193,-0.007689678742310302,0.19999999999999996,0
2026-06-20,823937,Los Angeles Dodgers,Baltimore Orioles,0,0.6920710868079292,1.6963431305536565,2.3884142173615857,0.29999999999999993,0
2026-06-20,823126,Seattle Mariners,Boston Red Sox,0,0.23661270236612708,0.1334282156199964,0.3700409179861235,0.10000000000000003,0
2026-06-20,825068,Arizona Diamondbacks,Minnesota Twins,0,-0.4992207792207788,0.6628571428571428,0.16363636363636364,-0.09999999999999998,0
2026-06-21,823531,New York Yankees,Cincinnati Reds,0,0.8933333333333326,1.2933333333333334,2.1866666666666665,0.19999999999999996,0
2026-06-21,824908,Atlanta Braves,Milwaukee Brewers,0,-0.3090327169274536,0.04480796586059732,-0.2642247510668563,-0.10000000000000003,0
2026-06-21,822968,Tampa Bay Rays,Washington Nationals,1,-0.9389788293897876,0.8660380715175231,-0.07294075787226473,-0.19999999999999996,0
2026-06-21,824260,Detroit Tigers,Chicago White Sox,1,-0.6800000000000002,0.5733333333333333,-0.10666666666666666,0.0,0
2026-06-21,823852,Miami Marlins,San Francisco Giants,1,0.14285714285714324,0.46753246753246813,0.6103896103896104,0.19999999999999996,0
2026-06-21,824177,Houston Astros,Cleveland Guardians,1,0.5254745254745252,-0.9860139860139858,-0.4605394605394605,0.09999999999999998,0
2026-06-21,824095,Kansas City Royals,St. Louis Cardinals,0,-0.3654154065112971,-0.2759295499021528,-0.6413449564134495,0.0,0
2026-06-21,822883,Texas Rangers,San Diego Padres,1,0.10649122807017575,-0.1443859649122814,-0.03789473684210526,-0.09999999999999998,0
2026-06-21,824343,Colorado Rockies,Pittsburgh Pirates,0,-0.42857142857142794,-0.8701298701298699,-1.2987012987012987,0.09999999999999998,0
2026-06-21,825067,Arizona Diamondbacks,Minnesota Twins,0,-0.5941295546558711,0.5479082321187585,-0.04622132253711203,-0.19999999999999996,0
2026-06-21,824987,Athletics,Los Angeles Angels,0,0.12354312354312391,-0.3116883116883118,-0.18814518814518816,0.09999999999999998,0
2026-06-21,823934,Los Angeles Dodgers,Baltimore Orioles,0,0.6698301698301705,1.661838161838162,2.3316683316683315,0.09999999999999998,0
2026-06-21,823123,Seattle Mariners,Boston Red Sox,1,0.18156618156618176,0.0783090783090783,0.2598752598752599,-0.10000000000000003,0
2026-06-21,823449,Philadelphia Phillies,New York Mets,1,0.18421052631578938,0.06578947368421062,0.25,0.0,0
2026-06-22,824261,Detroit Tigers,New York Yankees,1,-1.1315789473684208,-0.4736842105263155,-1.6052631578947367,-0.09999999999999998,0
2026-06-22,822964,Tampa Bay Rays,Kansas City Royals,0,0.1753291753291757,0.49688149688149696,0.6722106722106722,0.0,0
2026-06-22,823851,Miami Marlins,Texas Rangers,0,0.2947052947052944,-0.15184815184815204,0.14285714285714285,0.29999999999999993,0
2026-06-22,822720,Washington Nationals,Philadelphia Phillies,1,1.0606060606060606,-0.8548118548118548,0.20579420579420582,-0.09999999999999998,0
2026-06-22,822800,Toronto Blue Jays,Houston Astros,1,-0.40243301002794674,0.5967450271247738,0.19431201709682722,0.0,1
2026-06-22,824502,Cincinnati Reds,Milwaukee Brewers,0,-1.017017543859649,-1.1749122807017547,-2.1919298245614036,0.0,0
2026-06-22,823692,Minnesota Twins,Los Angeles Dodgers,0,-0.28091528724440096,-1.6520610191496266,-1.932976306394028,0.09999999999999998,0
2026-06-22,824585,Chicago White Sox,Cleveland Guardians,1,0.6703778677462884,-0.633265856950068,0.037112010796221326,0.0,0
2026-06-22,823040,St. Louis Cardinals,Arizona Diamondbacks,1,0.3364338364338364,0.10986310986311043,0.4462969462969463,-0.09999999999999998,0
2026-06-22,824344,Colorado Rockies,Boston Red Sox,1,0.644102564102564,-1.7046153846153844,-1.0605128205128205,0.0,0
2026-06-22,824016,Los Angeles Angels,Baltimore Orioles,0,-0.10126582278480978,-0.037974683544304,-0.1392405063291139,0.0,0
2026-06-22,823288,San Diego Padres,Atlanta Braves,1,-1.027341079972659,-0.299043062200957,-1.3263841421736158,0.2,0
2026-06-23,822799,Toronto Blue Jays,Houston Astros,0,-0.37243589743589745,0.6150641025641024,0.2426282051282051,0.0,0
2026-06-23,823365,Pittsburgh Pirates,Seattle Mariners,0,0.8862382343395003,-0.9219409282700419,-0.03570269393054204,0.0,0
2026-06-23,822963,Tampa Bay Rays,Kansas City Royals,0,0.1581434599156113,0.4794936708860753,0.6376371308016878,-0.2,0
2026-06-23,823849,Miami Marlins,Texas Rangers,1,0.2783187276858161,-0.1627718273287888,0.11554690035702693,0.19999999999999996,0
2026-06-23,824262,Detroit Tigers,New York Yankees,0,-1.0909090909090908,-0.4415584415584415,-1.5324675324675325,0.09999999999999998,0
2026-06-23,822718,Washington Nationals,Philadelphia Phillies,0,1.0856864654333007,-0.8060694579681922,0.27961700746510876,0.09999999999999998,0
2026-06-23,823614,New York Mets,Chicago Cubs,0,-0.7142857142857135,0.03896103896103842,-0.6753246753246753,-0.09999999999999998,-1
2026-06-23,824501,Cincinnati Reds,Milwaukee Brewers,0,-1.016233766233766,-1.1731032125768972,-2.189336978810663,-0.09999999999999998,0
2026-06-23,823690,Minnesota Twins,Los Angeles Dodgers,0,-0.2893987341772153,-1.6443037974683539,-1.9337025316455696,0.09999999999999998,0
2026-06-23,824584,Chicago White Sox,Cleveland Guardians,1,0.6749958901857633,-0.6126911063619929,0.062304783823771165,0.0,0
2026-06-23,823043,St. Louis Cardinals,Arizona Diamondbacks,0,0.3441025641025641,0.12256410256410177,0.4666666666666667,0.0,0
2026-06-23,824340,Colorado Rockies,Boston Red Sox,0,0.6495669553630914,-1.6708860759493671,-1.0213191205862757,0.09999999999999998,0
2026-06-23,824017,Los Angeles Angels,Baltimore Orioles,1,-0.16249999999999964,-0.09999999999999964,-0.26249999999999996,-0.09999999999999998,0
2026-06-23,823286,San Diego Padres,Atlanta Braves,1,-1.0018315018315014,-0.2817182817182817,-1.2835497835497836,0.2,0
2026-06-23,823210,San Francisco Giants,Athletics,1,-0.5128205128205128,0.5769230769230766,0.0641025641025641,0.0,0
2026-06-24,823850,Miami Marlins,Texas Rangers,1,0.29984177215189867,-0.13544303797468338,0.1643987341772152,0.19999999999999996,0
2026-06-24,823613,New York Mets,Chicago Cubs,0,-0.7435897435897436,0.0,-0.7435897435897436,-0.29999999999999993,0
2026-06-24,823611,New York Mets,Chicago Cubs,0,-0.8227848101265822,-0.08860759493670933,-0.9113924050632911,-0.39999999999999997,0
2026-06-24,824583,Chicago White Sox,Cleveland Guardians,0,0.6782051282051285,-0.5913461538461542,0.08685897435897436,0.0,0
2026-06-24,824341,Colorado Rockies,Boston Red Sox,1,0.603409090909091,-1.6884740259740254,-1.085064935064935,0.09999999999999998,0
2026-06-24,824018,Los Angeles Angels,Baltimore Orioles,1,-0.1111111111111116,-0.049382716049382935,-0.16049382716049382,0.0,0
2026-06-24,823367,Pittsburgh Pirates,Seattle Mariners,1,0.8621835443037975,-0.9226265822784807,-0.06044303797468356,-0.09999999999999998,0
2026-06-24,822965,Tampa Bay Rays,Kansas City Royals,1,0.06907894736842124,0.38092105263157894,0.45,-0.3,0
2026-06-24,824259,Detroit Tigers,New York Yankees,0,-1.0897435897435894,-0.44871794871794846,-1.5384615384615385,-0.09999999999999998,0
2026-06-24,822719,Washington Nationals,Philadelphia Phillies,0,1.0080696202531643,-0.8577531645569616,0.15031645569620253,0.0,0
2026-06-24,822798,Toronto Blue Jays,Houston Astros,0,-0.3916236912017501,0.5813408345053919,0.1897171433036412,0.0,0
2026-06-24,824500,Cincinnati Reds,Milwaukee Brewers,0,-1.0283050283050281,-1.184315684315684,-2.212620712620713,-0.09999999999999998,0
2026-06-24,823691,Minnesota Twins,Los Angeles Dodgers,0,-0.3979938271604935,-1.735185185185185,-2.1331790123456793,-0.09999999999999998,0
2026-06-24,823041,St. Louis Cardinals,Arizona Diamondbacks,0,0.32628247834776847,0.10859427048634274,0.4348767488341106,0.0,0
2026-06-24,823284,San Diego Padres,Atlanta Braves,1,-0.9759818240830902,-0.26582278481012667,-1.2418046088932166,0.3,0
2026-06-24,823208,San Francisco Giants,Athletics,1,-0.481012658227848,0.5949367088607591,0.11392405063291144,0.09999999999999998,0
2026-06-25,822961,Tampa Bay Rays,Kansas City Royals,1,0.0933140933140928,0.40179573512906863,0.49510982844316176,-0.19999999999999996,0
2026-06-25,823366,Pittsburgh Pirates,Seattle Mariners,1,0.9759259259259254,-0.7871913580246916,0.18873456790123455,0.09999999999999998,0
2026-06-25,823209,San Francisco Giants,Athletics,0,-0.46250000000000036,0.5999999999999996,0.13750000000000007,0.3,0
2026-06-25,824258,Detroit Tigers,Houston Astros,0,-0.5501698054955231,0.8865390552639711,0.33636924976844707,-0.09999999999999998,0
2026-06-25,822717,Washington Nationals,Philadelphia Phillies,0,0.983179012345679,-0.859567901234568,0.1236111111111111,-0.09999999999999998,0
2026-06-25,822797,Toronto Blue Jays,Texas Rangers,0,0.11249999999999982,-0.27500000000000036,-0.16250000000000003,0.09999999999999998,0
2026-06-25,823612,New York Mets,Chicago Cubs,0,-0.875,-0.15000000000000036,-1.025,-0.39999999999999997,0
2026-06-25,824747,Boston Red Sox,New York Yankees,1,-1.127393703343071,-0.39272963323596244,-1.5201233365790328,-0.3,0
2026-06-26,824255,Detroit Tigers,Houston Astros,1,-0.5569277108433734,0.8647590361445783,0.30783132530120483,-0.19999999999999996,0
2026-06-26,823363,Pittsburgh Pirates,Cincinnati Reds,0,0.8595092983278638,0.10673542741053321,0.9662447257383966,0.09999999999999998,-1
2026-06-26,824824,Baltimore Orioles,Washington Nationals,1,-0.6829268292682933,0.3292682926829267,-0.35365853658536583,0.0,1
2026-06-26,822796,Toronto Blue Jays,Texas Rangers,0,0.09876543209876498,-0.283950617283951,-0.18518518518518517,0.09999999999999998,0
2026-06-26,824423,Cleveland Guardians,Seattle Mariners,0,-0.08596808190304106,-0.06157783800060246,-0.14754591990364346,0.0,1
2026-06-26,822962,Tampa Bay Rays,Arizona Diamondbacks,1,0.17499999999999982,0.24166666666666714,0.41666666666666663,-0.19999999999999996,-1
2026-06-26,823610,New York Mets,Philadelphia Phillies,0,-0.382716049382716,-0.2469135802469138,-0.6296296296296297,-0.49999999999999994,0
2026-06-26,824743,Boston Red Sox,New York Yankees,1,-1.0754746835443036,-0.35015822784810124,-1.4256329113924051,-0.09999999999999998,0
2026-06-26,824582,Chicago White Sox,Kansas City Royals,1,0.33930225378203094,0.22028403828342125,0.5595862920654523,-0.09999999999999998,1
2026-06-26,823773,Milwaukee Brewers,Chicago Cubs,1,0.29202279202279247,0.8281101614434951,1.1201329534662867,0.0,1
2026-06-26,823688,Minnesota Twins,Colorado Rockies,1,0.26151761517615224,0.49593495934959364,0.7574525745257453,0.0,0
2026-06-26,823039,St. Louis Cardinals,Miami Marlins,0,0.2757736091069427,-0.2608625941959275,0.014911014911014916,-0.29999999999999993,0
2026-06-26,824014,Los Angeles Angels,Athletics,0,-0.06865401987353259,0.2962962962962967,0.2276422764227642,0.09999999999999998,1
2026-06-26,823285,San Diego Padres,Los Angeles Dodgers,1,-1.3108298171589312,-0.5302390998593527,-1.841068917018284,-0.09999999999999998,0
2026-06-26,823206,San Francisco Giants,Atlanta Braves,0,-0.7016975308641982,-0.9907407407407405,-1.6924382716049382,0.39999999999999997,-1
2026-06-27,824257,Detroit Tigers,Houston Astros,0,-0.4532627865961203,0.9514991181657848,0.49823633156966496,-0.19999999999999996,0
2026-06-27,824745,Boston Red Sox,New York Yankees,1,-1.0001543209876544,-0.2836419753086421,-1.2837962962962963,0.09999999999999998,0
2026-06-27,822794,Toronto Blue Jays,Texas Rangers,0,0.08536585365853622,-0.29268292682926855,-0.2073170731707317,0.0,0
2026-06-27,823364,Pittsburgh Pirates,Cincinnati Reds,0,0.8240853658536578,0.0807926829268295,0.9048780487804877,0.0,0
2026-06-27,823609,New York Mets,Philadelphia Phillies,1,-0.39024390243902474,-0.25609756097560954,-0.646341463414634,-0.49999999999999994,0
2026-06-27,824581,Chicago White Sox,Kansas City Royals,1,0.5960843373493976,0.4722891566265064,1.0683734939759038,-0.09999999999999998,0
2026-06-27,822960,Tampa Bay Rays,Arizona Diamondbacks,1,0.235036724488201,0.30145335208626367,0.5364900765744647,0.0,0
2026-06-27,824825,Baltimore Orioles,Washington Nationals,0,-0.6506024096385543,0.3493975903614457,-0.30120481927710846,0.2,0
2026-06-27,824421,Cleveland Guardians,Seattle Mariners,1,-0.10946223920070564,-0.08477813693799563,-0.19424037613870115,-0.2,0
2026-06-27,823689,Minnesota Twins,Colorado Rockies,0,0.26990890390831623,0.5024977960622978,0.7724066999706143,0.09999999999999998,0
2026-06-27,823770,Milwaukee Brewers,Chicago Cubs,0,0.3376041988267984,0.8675517134918187,1.2051559123186166,0.0,0
2026-06-27,823038,St. Louis Cardinals,Miami Marlins,0,0.22076297686053792,-0.30612883051907414,-0.08536585365853659,-0.29999999999999993,0
2026-06-27,823283,San Diego Padres,Los Angeles Dodgers,0,-1.2207317073170731,-0.4496951219512195,-1.6704268292682927,-0.09999999999999998,0
2026-06-27,823207,San Francisco Giants,Atlanta Braves,1,-0.7172538392050587,-1.003462812405902,-1.7207166516109607,0.2,0
2026-06-27,824015,Los Angeles Angels,Athletics,1,-0.14075815456949758,0.22009991184249245,0.07934175727299442,0.09999999999999998,0
2026-06-28,824821,Baltimore Orioles,Washington Nationals,0,-0.6547619047619051,0.33333333333333304,-0.3214285714285714,0.2,0
2026-06-28,823362,Pittsburgh Pirates,Cincinnati Reds,1,0.7886360255838163,0.05637364271902445,0.845009668302841,0.0,0
2026-06-28,822795,Toronto Blue Jays,Texas Rangers,0,0.04819277108433706,-0.3253012048192767,-0.27710843373493976,-0.19999999999999996,0
2026-06-28,824256,Detroit Tigers,Houston Astros,0,-0.47058823529411775,0.91506456241033,0.4444763271162124,-0.19999999999999996,0
2026-06-28,824422,Cleveland Guardians,Seattle Mariners,1,-0.09624211130235238,-0.07171543316121642,-0.16795754446356856,0.0,0
2026-06-28,822959,Tampa Bay Rays,Arizona Diamondbacks,1,0.25640243902439064,0.32286585365853604,0.5792682926829269,0.19999999999999996,0
2026-06-28,823608,New York Mets,Philadelphia Phillies,0,-0.3373493975903621,-0.20481927710843362,-0.5421686746987953,-0.3,0
2026-06-28,823686,Minnesota Twins,Colorado Rockies,1,0.2304934021801488,0.46069994262765324,0.6911933448078027,-0.09999999999999998,0
2026-06-28,824580,Chicago White Sox,Kansas City Royals,0,0.5996472663139327,0.48015873015873023,1.0798059964726632,0.0,0
2026-06-28,823769,Milwaukee Brewers,Chicago Cubs,0,0.25978915662650603,0.7828313253012054,1.0426204819277107,-0.09999999999999998,0
2026-06-28,823037,St. Louis Cardinals,Miami Marlins,1,0.1677596461796549,-0.3509226780539887,-0.18316303187433278,-0.5,0
2026-06-28,824011,Los Angeles Angels,Athletics,1,-0.10298336201950686,0.2531554790590933,0.15017211703958688,0.09999999999999998,0
2026-06-28,823204,San Francisco Giants,Atlanta Braves,1,-0.6476638260358509,-0.9309432853364679,-1.5786071113723186,0.2,0
2026-06-28,823281,San Diego Padres,Los Angeles Dodgers,0,-1.3508850215677524,-0.5921463632307007,-1.943031384798453,-0.09999999999999998,0
2026-06-28,824744,Boston Red Sox,New York Yankees,1,-0.9513700692562486,-0.2431496537187594,-1.1945197229750075,0.3,0
2026-06-29,824822,Baltimore Orioles,Chicago White Sox,0,-0.16872309899569604,-0.35667144906743253,-0.5253945480631277,-0.09999999999999998,0
2026-06-29,823444,Philadelphia Phillies,Pittsburgh Pirates,0,-0.7261904761904754,0.41666666666666696,-0.30952380952380953,0.19999999999999996,0
2026-06-29,823529,New York Yankees,Detroit Tigers,0,0.9156626506024095,0.39759036144578275,1.313253012048193,-0.2,0
2026-06-29,822792,Toronto Blue Jays,New York Mets,1,0.04761904761904745,0.0952380952380949,0.14285714285714285,0.09999999999999998,0
2026-06-29,824741,Boston Red Sox,Washington Nationals,1,-1.2823529411764705,1.2845050215208036,0.0021520803443328546,0.29999999999999993,0
2026-06-29,824420,Cleveland Guardians,Texas Rangers,0,-0.10714285714285676,0.10714285714285765,0.0,-0.19999999999999996,0
2026-06-29,823771,Milwaukee Brewers,Cincinnati Reds,1,0.8922011442336641,1.2112315567600125,2.1034327009936766,0.09999999999999998,0
2026-06-29,824662,Chicago Cubs,San Diego Padres,1,1.0020325203252036,-0.36730545876887355,0.6347270615563299,0.20000000000000007,0
2026-06-29,824176,Houston Astros,Minnesota Twins,0,-0.3470588235294114,0.21162790697674438,-0.13543091655266754,0.19999999999999996,0
2026-06-29,824339,Colorado Rockies,Miami Marlins,0,0.33333333333333304,-1.5119047619047619,-1.1785714285714286,-0.30000000000000004,0
2026-06-29,824986,Athletics,Los Angeles Dodgers,0,-0.666666666666667,-1.7857142857142856,-2.4523809523809526,-0.29999999999999993,0
2026-06-29,823121,Seattle Mariners,Los Angeles Angels,1,-0.5176470588235293,0.9882352941176471,0.47058823529411764,-0.19999999999999996,0
2026-06-29,825065,Arizona Diamondbacks,San Francisco Giants,1,0.1216293746414232,0.04059093516924861,0.16222030981067126,-0.09999999999999998,0
2026-06-30,824819,Baltimore Orioles,Chicago White Sox,0,-0.2378817595965259,-0.42336789016531196,-0.6612496497618381,-0.09999999999999998,0
2026-06-30,824418,Cleveland Guardians,Texas Rangers,0,-0.14117647058823524,0.07058823529411828,-0.07058823529411766,-0.29999999999999993,0
2026-06-30,823445,Philadelphia Phillies,Pittsburgh Pirates,1,-0.7647058823529411,0.36470588235294077,-0.4,0.19999999999999996,0
2026-06-30,823528,New York Yankees,Detroit Tigers,0,0.8571428571428577,0.3452380952380949,1.2023809523809523,-0.3,0
2026-06-30,822793,Toronto Blue Jays,New York Mets,0,0.0588235294117645,0.1058823529411761,0.16470588235294115,0.19999999999999998,0
2026-06-30,824742,Boston Red Sox,Washington Nationals,0,-1.2317175679462027,1.3048472961613902,0.07312972821518633,0.29999999999999993,0
2026-06-30,824907,Atlanta Braves,St. Louis Cardinals,0,0.27289156626506017,0.7646084337349395,1.0375,0.0,0
2026-06-30,824096,Kansas City Royals,Tampa Bay Rays,0,-0.318518518518518,-0.8013071895424835,-1.1198257080610021,-0.19999999999999996,0
2026-06-30,823768,Milwaukee Brewers,Cincinnati Reds,1,0.9055245371730827,1.220834557743168,2.1263590949162503,0.19999999999999996,0
2026-06-30,824661,Chicago Cubs,San Diego Padres,1,1.002551381998583,-0.3515237420269317,0.6510276399716513,0.30000000000000004,0
2026-06-30,824175,Houston Astros,Minnesota Twins,1,-0.35458433573910675,0.19754076450147018,-0.15704357123763701,0.09999999999999998,0
2026-06-30,824338,Colorado Rockies,Miami Marlins,0,0.29411764705882426,-1.5294117647058822,-1.2352941176470589,-0.30000000000000004,0
2026-06-30,824984,Athletics,Los Angeles Dodgers,0,-0.7176470588235295,-1.8235294117647056,-2.541176470588235,-0.39999999999999997,0
2026-06-30,823122,Seattle Mariners,Los Angeles Angels,1,-0.4651162790697674,1.0232558139534884,0.5581395348837209,-0.19999999999999996,0
2026-06-30,825066,Arizona Diamondbacks,San Francisco Giants,1,0.13207282913165308,0.051960784313726194,0.1840336134453781,0.0,0
2026-07-01,824818,Baltimore Orioles,Chicago White Sox,1,-0.30582922824302106,-0.48809523809523814,-0.7939244663382594,-0.19999999999999996,0
2026-07-01,824419,Cleveland Guardians,Texas Rangers,1,-0.1627906976744189,0.04651162790697683,-0.11627906976744184,-0.4,0
2026-07-01,824740,Boston Red Sox,Washington Nationals,0,-1.2992610837438425,1.207717569786535,-0.09154351395730706,0.19999999999999996,0
2026-07-01,823530,New York Yankees,Detroit Tigers,0,0.7764705882352949,0.2705882352941176,1.0470588235294118,-0.3,0
2026-07-01,824660,Chicago Cubs,San Diego Padres,1,1.0132890365448506,-0.32281284606866034,0.6904761904761905,0.30000000000000004,0
2026-07-01,822791,Toronto Blue Jays,New York Mets,1,0.023255813953488413,0.06976744186046524,0.09302325581395349,0.09999999999999998,0
2026-07-01,823446,Philadelphia Phillies,Pittsburgh Pirates,1,-0.6627906976744189,0.4534883720930232,-0.20930232558139533,0.19999999999999996,0
2026-07-01,824905,Atlanta Braves,St. Louis Cardinals,1,0.24559082892416217,0.731040564373898,0.9766313932980599,-0.10000000000000003,0
2026-07-01,824094,Kansas City Royals,Tampa Bay Rays,0,-0.3876914350538847,-0.861883153715258,-1.2495745887691436,-0.29999999999999993,0
2026-07-01,824174,Houston Astros,Minnesota Twins,0,-0.3277168234064787,0.21812957157784751,-0.1095872518286311,0.19999999999999996,0
2026-07-01,823767,Milwaukee Brewers,Cincinnati Reds,1,0.9545324153757884,1.2660642570281126,2.220596672403901,0.29999999999999993,0
2026-07-01,824337,Colorado Rockies,Miami Marlins,1,0.1627906976744189,-1.6395348837209296,-1.4767441860465116,-0.4,0
2026-07-01,824985,Athletics,Los Angeles Dodgers,1,-0.7790697674418601,-1.8720930232558137,-2.6511627906976747,-0.49999999999999994,0
2026-07-01,825064,Arizona Diamondbacks,San Francisco Giants,0,0.20082079343365233,0.12147742818057505,0.32229822161422705,0.0,0
2026-07-02,823442,Philadelphia Phillies,Pittsburgh Pirates,0,-0.6091954022988499,0.4942528735632177,-0.11494252873563218,0.19999999999999996,0
2026-07-02,823765,Milwaukee Brewers,Cincinnati Reds,0,0.9666666666666668,1.2749299719887959,2.241596638655462,0.5,0
2026-07-02,824335,Colorado Rockies,Miami Marlins,1,0.19540229885057414,-1.5862068965517242,-1.3908045977011494,-0.29999999999999993,0
2026-07-02,824416,Cleveland Guardians,Chicago White Sox,1,-0.8580121703853951,0.4719405003380661,-0.3860716700473293,-0.19999999999999996,0
2026-07-02,824906,Atlanta Braves,St. Louis Cardinals,0,0.29124820659971284,0.7697274031563843,1.0609756097560976,-0.10000000000000003,0
2026-07-02,824093,Kansas City Royals,Tampa Bay Rays,0,-0.4288879656557265,-0.900290818446198,-1.329178784101925,-0.5,0
2026-07-02,822884,Texas Rangers,Detroit Tigers,1,-0.05894145950280727,-0.1027800053461636,-0.16172146484897088,0.19999999999999996,0
2026-07-02,823119,Seattle Mariners,Los Angeles Angels,1,-0.40229885057471293,1.068965517241379,0.6666666666666667,-0.09999999999999998,0
2026-07-02,823935,Los Angeles Dodgers,San Diego Padres,1,1.392697768762678,0.8354293441514535,2.228127112914131,0.29999999999999993,0
2026-07-03,824659,Chicago Cubs,St. Louis Cardinals,0,0.655449383741864,0.0566403545215346,0.7120897382633984,0.4,1
2026-07-03,822714,Washington Nationals,Pittsburgh Pirates,1,0.20454545454545414,-0.29545454545454497,-0.09090909090909094,0.0,1
2026-07-03,823527,New York Yankees,Minnesota Twins,1,-0.026162790697674687,1.3332452431289643,1.3070824524312896,-0.3,0
2026-07-03,824498,Cincinnati Reds,Baltimore Orioles,0,-0.34698731501057,0.08245243128964042,-0.26453488372093026,-0.10000000000000003,-1
2026-07-03,824417,Cleveland Guardians,Chicago White Sox,1,-0.8369450317124731,0.4783298097251585,-0.358615221987315,-0.09999999999999998,0
2026-07-03,824904,Atlanta Braves,New York Mets,1,0.7322908313285224,0.7495322106388662,1.4818230419673883,0.0,-1
2026-07-03,824336,Colorado Rockies,San Francisco Giants,1,0.6466823406478577,-1.0946969696969697,-0.4480146290491118,0.0,-1
2026-07-03,824173,Houston Astros,Tampa Bay Rays,0,-0.0889513108614226,-0.8683788121990368,-0.9573301230604602,-0.20000000000000007,1
2026-07-03,824013,Los Angeles Angels,Boston Red Sox,0,0.47847593582887704,-0.9188502673796792,-0.44037433155080213,-0.09999999999999998,-1
2026-07-03,824982,Athletics,Miami Marlins,0,0.17737722048066917,-0.980538140020899,-0.8031609195402298,-0.3,1
2026-07-03,825062,Arizona Diamondbacks,Milwaukee Brewers,0,-0.8619699042407669,-0.8991792065663478,-1.7611491108071133,-0.29999999999999993,1
2026-07-03,823933,Los Angeles Dodgers,San Diego Padres,1,1.4328752642706135,0.8847780126849893,2.3176532769556024,0.4,0
2026-07-03,823120,Seattle Mariners,Toronto Blue Jays,0,-0.012147335423197347,0.50457157784744,0.49242424242424243,0.3,-1
2026-07-04,822716,Washington Nationals,Pittsburgh Pirates,0,0.24719101123595433,-0.24719101123595433,0.0,0.0,0
2026-07-04,823526,New York Yankees,Minnesota Twins,0,0.007878083430195026,1.3524473718197085,1.3603254552499031,-0.10000000000000003,0
2026-07-04,822882,Texas Rangers,Detroit Tigers,0,0.00992685475444155,-0.032654127481714035,-0.022727272727272728,0.29999999999999993,0
2026-07-04,823118,Seattle Mariners,Toronto Blue Jays,1,-0.034218590398365833,0.4758682328907051,0.4416496424923391,0.2,0
2026-07-04,824499,Cincinnati Reds,Baltimore Orioles,0,-0.37788970683197753,0.04830169185070421,-0.3295880149812734,-0.10000000000000003,0
2026-07-04,824171,Houston Astros,Tampa Bay Rays,1,-0.10915032679738523,-0.8830065359477128,-0.9921568627450981,-0.30000000000000004,0
2026-07-04,824415,Cleveland Guardians,Chicago White Sox,0,-0.8158336562056046,0.4840501097765717,-0.3317835464290327,0.09999999999999998,0
2026-07-04,824658,Chicago Cubs,St. Louis Cardinals,0,0.4594155844155843,-0.12770562770562766,0.3317099567099567,0.30000000000000004,0
2026-07-04,824903,Atlanta Braves,New York Mets,1,0.7467345872518285,0.7638453500522471,1.5105799373040751,0.09999999999999998,0
2026-07-04,824334,Colorado Rockies,San Francisco Giants,0,0.7743871297242091,-0.9462461695607765,-0.17185903983656792,0.0,0
2026-07-04,824092,Kansas City Royals,Philadelphia Phillies,0,-0.3522727272727275,-0.6477272727272725,-1.0,-0.39999999999999997,0
2026-07-04,824012,Los Angeles Angels,Boston Red Sox,0,0.43898615103214045,-0.9430363208779724,-0.5040501698458323,-0.29999999999999993,0
2026-07-04,824983,Athletics,Miami Marlins,0,0.09678243105209372,-1.0490296220633297,-0.952247191011236,-0.39999999999999997,0
2026-07-04,825063,Arizona Diamondbacks,Milwaukee Brewers,1,-0.8867949746057207,-0.9232825447741244,-1.8100775193798448,-0.29999999999999993,0
2026-07-04,823932,Los Angeles Dodgers,San Diego Padres,1,1.428257781221749,0.8859615136252095,2.3142192948469584,0.5,0
2026-07-05,824902,Atlanta Braves,New York Mets,0,0.8631256384065376,0.8789581205311543,1.7420837589376914,0.2,0
2026-07-05,822715,Washington Nationals,Pittsburgh Pirates,0,0.17777777777777715,-0.3111111111111118,-0.13333333333333333,0.0,0
2026-07-05,824497,Cincinnati Reds,Baltimore Orioles,1,-0.4068181818181813,0.013636363636363669,-0.39318181818181824,-0.10000000000000003,0
2026-07-05,823525,New York Yankees,Minnesota Twins,0,-0.0702020202020206,1.257828282828283,1.1876262626262626,-0.3,0
2026-07-05,824413,Cleveland Guardians,Chicago White Sox,0,-0.8285353535353535,0.4555555555555557,-0.372979797979798,0.09999999999999998,0
2026-07-05,824656,Chicago Cubs,St. Louis Cardinals,1,0.42141440846001377,-0.16232650363516132,0.2590879048248513,0.19999999999999996,0
2026-07-05,824091,Kansas City Royals,Philadelphia Phillies,1,-0.404494382022472,-0.6966292134831464,-1.101123595505618,-0.49999999999999994,0
2026-07-05,824172,Houston Astros,Tampa Bay Rays,1,-0.08816764630718144,-0.8475594173268588,-0.9357270636340403,-0.30000000000000004,0
2026-07-05,822879,Texas Rangers,Detroit Tigers,0,-0.02374872318692489,-0.06652196118488263,-0.09027068437180796,0.19999999999999996,0
2026-07-05,824333,Colorado Rockies,San Francisco Giants,1,0.7433208489388266,-0.9580524344569286,-0.21473158551810234,0.0,0
2026-07-05,825061,Arizona Diamondbacks,Milwaukee Brewers,0,-0.8650731452455585,-0.9013845350052243,-1.7664576802507836,-0.09999999999999998,0
2026-07-05,824980,Athletics,Miami Marlins,0,0.03982521847690368,-1.0931335830212232,-1.0533083645443195,-0.39999999999999997,0
2026-07-05,823117,Seattle Mariners,Toronto Blue Jays,1,0.08888888888888857,0.5936329588014977,0.6825218476903869,0.2,0
2026-07-05,823931,Los Angeles Dodgers,San Diego Padres,0,1.4467171717171712,0.9090909090909092,2.355808080808081,0.6000000000000001,0
2026-07-05,824010,Los Angeles Angels,Boston Red Sox,0,0.3547892720306516,-1.0114942528735633,-0.6567049808429118,-0.29999999999999993,0
2026-07-06,824089,Kansas City Royals,Philadelphia Phillies,1,-0.36666666666666714,-0.655555555555555,-1.0222222222222221,-0.39999999999999997,0
2026-07-06,822958,Tampa Bay Rays,New York Yankees,0,-0.2460286710577293,-0.22807697274958016,-0.47410564380730985,0.7000000000000001,0
2026-07-06,822712,Washington Nationals,Houston Astros,1,0.840539894887721,-0.2633779264214047,0.5771619684663163,-0.09999999999999998,0
2026-07-06,824900,Atlanta Braves,New York Mets,0,0.8429463171036202,0.857303370786517,1.7002496878901374,0.10000000000000003,0
2026-07-06,823036,St. Louis Cardinals,Milwaukee Brewers,0,-0.48599365750528545,-0.7478858350951372,-1.2338794926004228,-0.09999999999999998,0
2026-07-06,823282,San Diego Padres,Arizona Diamondbacks,0,-0.3258426966292136,0.17977528089887684,-0.14606741573033705,-0.2,0
2026-07-06,823205,San Francisco Giants,Toronto Blue Jays,1,0.16666666666666607,-0.3777777777777773,-0.21111111111111114,0.10000000000000003,0
2026-07-06,823930,Los Angeles Dodgers,Colorado Rockies,1,0.4395604395604398,2.21978021978022,2.6593406593406597,0.19999999999999996,0
2026-07-07,823062,St. Louis Cardinals,Milwaukee Brewers,0,-0.49218649102415135,-0.7506134573162861,-1.2427999483404364,-0.09999999999999998,0
2026-07-07,823035,St. Louis Cardinals,Milwaukee Brewers,0,-0.49823232323232336,-0.7532828282828281,-1.2515151515151515,-0.19999999999999996,0
2026-07-07,824820,Baltimore Orioles,Chicago Cubs,0,-0.4841269841269842,-0.33467643467643526,-0.8188034188034188,-0.29999999999999993,0
2026-07-07,824254,Detroit Tigers,Athletics,1,-0.48739076154806416,1.3548064918851441,0.8674157303370786,0.3,0
2026-07-07,823361,Pittsburgh Pirates,Atlanta Braves,1,0.3420024420024417,-0.979365079365079,-0.6373626373626373,0.09999999999999998,1
2026-07-07,823847,Miami Marlins,Seattle Mariners,1,0.5054945054945055,-0.5384615384615383,-0.03296703296703296,0.09999999999999998,0
2026-07-07,822956,Tampa Bay Rays,New York Yankees,1,-0.28863636363636314,-0.27020202020202033,-0.5588383838383838,0.49999999999999994,0
2026-07-07,822713,Washington Nationals,Houston Astros,0,0.8430341280972415,-0.2504675081813934,0.5925666199158486,0.09999999999999998,0
2026-07-07,823607,New York Mets,Kansas City Royals,0,-0.16483516483516514,0.2857142857142856,0.1208791208791209,0.10000000000000003,0
2026-07-07,824495,Cincinnati Reds,Philadelphia Phillies,0,-0.24879614767255198,-0.34843807877515776,-0.5972342264477095,-0.09999999999999998,1
2026-07-07,823687,Minnesota Twins,Cleveland Guardians,1,0.9450549450549453,-1.0329670329670328,-0.08791208791208792,0.09999999999999998,0
2026-07-07,824579,Chicago White Sox,Boston Red Sox,0,0.7521705822267624,-0.5168539325842696,0.23531664964249233,-0.20000000000000007,0
2026-07-07,822881,Texas Rangers,Los Angeles Angels,1,-0.3068376068376075,0.8553113553113549,0.5484737484737484,0.39999999999999997,0
2026-07-07,823280,San Diego Padres,Arizona Diamondbacks,1,-0.411111111111111,0.08888888888888857,-0.32222222222222224,-0.30000000000000004,0
2026-07-07,823203,San Francisco Giants,Toronto Blue Jays,0,0.26373626373626413,-0.27472527472527464,-0.01098901098901095,0.2,0
2026-07-07,823929,Los Angeles Dodgers,Colorado Rockies,0,0.4456521739130439,2.206521739130435,2.652173913043478,0.30000000000000004,0
2026-07-08,823202,San Francisco Giants,Toronto Blue Jays,0,0.19565217391304346,-0.33695652173912993,-0.14130434782608697,0.09999999999999998,0
2026-07-08,824815,Baltimore Orioles,Chicago Cubs,0,-0.5114667940754893,-0.3639512661251789,-0.8754180602006689,-0.29999999999999993,0
2026-07-08,824253,Detroit Tigers,Athletics,1,-0.4378510378510372,1.3841269841269845,0.9462759462759462,0.49999999999999994,0
2026-07-08,823360,Pittsburgh Pirates,Atlanta Braves,0,0.4253463927376977,-0.8807931199235544,-0.45544672718585766,0.3,0
2026-07-08,823848,Miami Marlins,Seattle Mariners,1,0.5108695652173916,-0.5217391304347831,-0.010869565217391297,0.09999999999999998,0
2026-07-08,822957,Tampa Bay Rays,New York Yankees,1,-0.26311890356834144,-0.24521545869860484,-0.5083343622669465,0.49999999999999994,0
2026-07-08,822710,Washington Nationals,Houston Astros,1,0.8018760009151222,-0.2797986730725235,0.522077327842599,0.0,0
2026-07-08,823605,New York Mets,Kansas City Royals,1,-0.2065217391304346,0.23913043478260843,0.03260869565217395,0.0,0
2026-07-08,824496,Cincinnati Reds,Philadelphia Phillies,1,-0.27946859903381593,-0.37705314009661794,-0.6565217391304348,-0.2,0
2026-07-08,823684,Minnesota Twins,Cleveland Guardians,1,0.956521739130435,-1.0,-0.043478260869565216,0.19999999999999996,0
2026-07-08,824578,Chicago White Sox,Boston Red Sox,0,0.665543071161049,-0.5892634207240945,0.07627965043695381,-0.30000000000000004,0
2026-07-08,823032,St. Louis Cardinals,Milwaukee Brewers,1,-0.5813063341153235,-0.834300530929744,-1.4156068650450673,-0.30000000000000004,0
2026-07-08,822880,Texas Rangers,Los Angeles Angels,0,-0.2486860965121842,0.9005016722408019,0.6518155757286193,0.49999999999999994,0
2026-07-08,823928,Los Angeles Dodgers,Colorado Rockies,1,0.43010752688172005,2.1720430107526885,2.6021505376344085,0.19999999999999996,0
2026-07-08,823279,San Diego Padres,Arizona Diamondbacks,1,-0.37362637362637363,0.12087912087912045,-0.2527472527472528,-0.2,0
2026-07-09,823359,Pittsburgh Pirates,Atlanta Braves,0,0.3887330528284245,-0.9040439457690512,-0.5153108929406265,0.19999999999999996,0
2026-07-09,823606,New York Mets,Kansas City Royals,1,-0.16129032258064502,0.27956989247311803,0.11827956989247312,0.0,0
2026-07-09,822954,Tampa Bay Rays,New York Yankees,0,-0.22801932367149735,-0.20893719806763267,-0.43695652173913047,0.49999999999999994,0
2026-07-09,824816,Baltimore Orioles,Chicago Cubs,1,-0.5279336138382416,-0.3812529219261336,-0.9091865357643759,-0.5,0
2026-07-09,823683,Minnesota Twins,Cleveland Guardians,0,0.956989247311828,-0.978494623655914,-0.02150537634408603,0.29999999999999993,0
2026-07-09,824577,Chicago White Sox,Boston Red Sox,0,0.6031746031746037,-0.6382173382173382,-0.03504273504273503,-0.4,0
2026-07-09,824251,Detroit Tigers,Athletics,1,-0.37852365026278,1.4237935977066414,1.0452699474438605,0.6,0
2026-07-09,823846,Miami Marlins,Seattle Mariners,1,0.526881720430108,-0.49462365591397806,0.03225806451612906,0.19999999999999996,0
2026-07-09,824494,Cincinnati Reds,Philadelphia Phillies,0,-0.21032730710150016,-0.30851943755169486,-0.5188467446531962,-0.2,0
2026-07-09,823034,St. Louis Cardinals,Milwaukee Brewers,0,-0.5314009661835755,-0.7809178743961356,-1.3123188405797102,-0.19999999999999996,0
2026-07-09,822877,Texas Rangers,Los Angeles Angels,1,-0.37540906965871823,0.760752688172043,0.38534361851332394,0.3,0
2026-07-09,823277,San Diego Padres,Arizona Diamondbacks,0,-0.3043478260869561,0.18478260869565233,-0.11956521739130432,-0.10000000000000003,0
2026-07-09,823201,San Francisco Giants,Colorado Rockies,1,-0.7326698695950586,0.8525509036833672,0.1198810340883093,-0.09999999999999998,0
2026-07-10,824252,Detroit Tigers,Philadelphia Phillies,1,-0.21970397779833473,0.5111008325624424,0.2913968547641073,0.30000000000000004,0
2026-07-10,822709,Washington Nationals,New York Yankees,0,0.5870510180736668,-1.3627316403568974,-0.7756806222832303,0.3,1
2026-07-10,824817,Baltimore Orioles,Kansas City Royals,1,0.24468085106382986,0.21276595744680904,0.4574468085106383,0.0,0
2026-07-10,824493,Cincinnati Reds,Chicago Cubs,1,-0.8906030855539973,-0.27746610565684815,-1.1680691912108463,-0.39999999999999997,0
2026-07-10,822955,Tampa Bay Rays,Seattle Mariners,1,0.4523030161328032,-0.3573766658873043,0.0949263502454992,0.09999999999999998,0
2026-07-10,823845,Miami Marlins,Cleveland Guardians,0,0.6489361702127661,-0.22340425531914931,0.42553191489361697,0.4,0
2026-07-10,823604,New York Mets,Boston Red Sox,0,0.10357727379004,-0.8971241524433018,-0.7935468786532616,-0.30000000000000004,0
2026-07-10,824575,Chicago White Sox,Athletics,1,0.1577840112201958,0.8867461430575032,1.0445301542777,0.30000000000000004,0
2026-07-10,822878,Texas Rangers,Houston Astros,1,-0.4290888511601585,0.7838143746462931,0.35472552348613473,0.09999999999999998,-1
2026-07-10,823685,Minnesota Twins,Los Angeles Angels,0,0.40425531914893575,-0.03191489361702082,0.37234042553191493,0.49999999999999994,0
2026-07-10,823033,St. Louis Cardinals,Atlanta Braves,1,-0.3537752570010637,-0.5260545905707197,-0.8798298475717831,-0.09999999999999998,0
2026-07-10,823278,San Diego Padres,Toronto Blue Jays,0,-0.13978494623655902,0.053763440860215006,-0.08602150537634407,-0.2,-1
2026-07-10,823927,Los Angeles Dodgers,Arizona Diamondbacks,0,1.072065888812629,0.9736902310684057,2.0457561198810343,0.19999999999999996,1
2026-07-10,823200,San Francisco Giants,Colorado Rockies,0,-0.6613661814109744,0.9070548712206046,0.24568868980963054,-0.09999999999999998,0
2026-07-11,823357,Pittsburgh Pirates,Milwaukee Brewers,1,0.11576298329901658,-1.2378174330816747,-1.1220544497826586,-0.19999999999999996,0
2026-07-11,823356,Pittsburgh Pirates,Milwaukee Brewers,1,0.12497200447928325,-1.2138857782754755,-1.0889137737961927,-0.09999999999999998,0
2026-07-11,823682,Minnesota Twins,Los Angeles Angels,1,0.3894736842105262,-0.04210526315789487,0.34736842105263155,0.39999999999999997,0
2026-07-11,824576,Chicago White Sox,Athletics,1,0.2954701441317775,1.0160146419583622,1.3114847860901395,0.30000000000000004,0
2026-07-11,823198,San Francisco Giants,Colorado Rockies,1,-0.6650219298245617,0.8872807017543858,0.22225877192982457,-0.19999999999999996,0
2026-07-11,822711,Washington Nationals,New York Yankees,0,0.5597984322508402,-1.3695408734602466,-0.8097424412094064,0.09999999999999998,0
2026-07-11,823603,New York Mets,Boston Red Sox,0,0.0597254004576655,-0.9304347826086956,-0.8707093821510297,-0.30000000000000004,0
2026-07-11,822953,Tampa Bay Rays,Seattle Mariners,1,0.5010297482837531,-0.3002288329519449,0.20080091533180777,0.09999999999999998,0
2026-07-11,823844,Miami Marlins,Cleveland Guardians,0,0.6315789473684212,-0.23157894736842088,0.39999999999999997,0.19999999999999996,0
2026-07-11,824249,Detroit Tigers,Philadelphia Phillies,0,-0.13186191284663273,0.5903791737408035,0.4585172608941709,0.4,0
2026-07-11,824813,Baltimore Orioles,Kansas City Royals,1,0.2631578947368425,0.23157894736842177,0.49473684210526314,0.2,0
2026-07-11,822875,Texas Rangers,Houston Astros,0,-0.3823138297872344,0.8175975177304968,0.4352836879432624,0.19999999999999996,0
2026-07-11,824492,Cincinnati Reds,Chicago Cubs,0,-0.8385952871196523,-0.23141157629833042,-1.0700068634179822,-0.19999999999999996,0
2026-07-11,823030,St. Louis Cardinals,Atlanta Braves,1,-0.3399629972247924,-0.5090194264569843,-0.8489824236817761,0.0,0
2026-07-11,823276,San Diego Padres,Toronto Blue Jays,1,-0.15957446808510634,0.03191489361702082,-0.12765957446808512,-0.3,0
2026-07-11,823926,Los Angeles Dodgers,Arizona Diamondbacks,0,0.9970884658454651,0.9001119820828665,1.8972004479283315,0.09999999999999998,0
2026-07-12,823358,Pittsburgh Pirates,Milwaukee Brewers,1,0.13442982456140395,-1.1908991228070174,-1.056469298245614,0.0,0
2026-07-12,824814,Baltimore Orioles,Kansas City Royals,1,0.3125,0.28125,0.59375,0.3,0
2026-07-12,822708,Washington Nationals,New York Yankees,0,0.533223684210526,-1.3763157894736842,-0.8430921052631579,0.0,0
2026-07-12,824491,Cincinnati Reds,Chicago Cubs,0,-0.8509518477043665,-0.2500559910414335,-1.1010078387458007,-0.19999999999999996,0
2026-07-12,823602,New York Mets,Boston Red Sox,0,0.017473118279569988,-0.963709677419355,-0.9462365591397849,-0.4,0
2026-07-12,822951,Tampa Bay Rays,Seattle Mariners,0,0.548387096774194,-0.24395161290322553,0.30443548387096775,0.19999999999999996,0
2026-07-12,824250,Detroit Tigers,Philadelphia Phillies,0,-0.15181737588652489,0.5633865248226946,0.4115691489361702,0.30000000000000004,0
2026-07-12,823842,Miami Marlins,Cleveland Guardians,0,0.5937499999999996,-0.2604166666666661,0.3333333333333333,0.0,0
2026-07-12,823681,Minnesota Twins,Los Angeles Angels,1,0.40625,-0.020833333333333037,0.38541666666666674,0.39999999999999997,0
2026-07-12,824574,Chicago White Sox,Athletics,1,0.3024636058230685,1.016349384098544,1.3188129899216126,0.30000000000000004,0
2026-07-12,823029,St. Louis Cardinals,Atlanta Braves,0,-0.3049235993208823,-0.47130730050933733,-0.7762308998302208,0.09999999999999998,0
2026-07-12,822876,Texas Rangers,Houston Astros,1,-0.44047748236570783,0.7462832338578407,0.3058057514921324,0.0,0
2026-07-12,823199,San Francisco Giants,Colorado Rockies,1,-0.6375644329896906,0.8990549828178693,0.26149054982817876,0.0,0
2026-07-12,823925,Los Angeles Dodgers,Arizona Diamondbacks,0,0.9132675438596491,0.8175438596491227,1.730811403508772,0.0,0
2026-07-12,823274,San Diego Padres,Toronto Blue Jays,1,-0.14736842105263204,0.04210526315789398,-0.10526315789473684,-0.09999999999999998,0
2026-07-16,823440,Philadelphia Phillies,New York Mets,0,0.268041237113402,0.2989690721649483,0.5670103092783505,0.09999999999999998,0
2026-07-17,824766,Boston Red Sox,Tampa Bay Rays,1,-0.4255319148936163,0.37234042553191493,-0.05319148936170209,0.4,0
2026-07-17,824737,Boston Red Sox,Tampa Bay Rays,1,-0.3157894736842106,0.47368421052631593,0.15789473684210525,0.6,0
2026-07-17,823524,New York Yankees,Los Angeles Dodgers,0,-0.40399484536082486,-0.18417096219931306,-0.5881658075601376,0.09999999999999998,0
2026-07-17,824901,Atlanta Braves,Texas Rangers,1,0.65625,0.40625,1.0625,0.0,0
2026-07-17,822789,Toronto Blue Jays,Chicago White Sox,0,-0.6956140350877194,-0.037390350877193335,-0.7330043859649122,0.0,0
2026-07-17,823766,Milwaukee Brewers,Miami Marlins,1,0.5679768041237114,0.4971005154639174,1.0650773195876289,-0.09999999999999998,0
2026-07-17,824655,Chicago Cubs,Minnesota Twins,0,0.18599656357388383,0.5,0.6859965635738832,-0.09999999999999998,0
2026-07-17,824170,Houston Astros,Baltimore Orioles,0,-0.026614769619187406,-0.25710077845571266,-0.28371554807490007,-0.29999999999999993,0
2026-07-17,824090,Kansas City Royals,San Diego Padres,1,0.2891967353951892,-0.7484965635738838,-0.45929982817869414,-0.2,0
2026-07-17,824332,Colorado Rockies,Cincinnati Reds,0,0.597207303974221,-0.8737916219119226,-0.27658431793770144,0.0,0
2026-07-17,824009,Los Angeles Angels,Detroit Tigers,0,0.26456863809007114,-1.0315789473684212,-0.7670103092783505,-0.49999999999999994,0
2026-07-17,824981,Athletics,Washington Nationals,0,-0.9237542955326461,-0.25257731958762886,-1.176331615120275,-0.30000000000000004,0
2026-07-17,825060,Arizona Diamondbacks,St. Louis Cardinals,0,-0.16666666666666696,-0.0857712765957448,-0.2524379432624113,0.19999999999999996,0
2026-07-17,823115,Seattle Mariners,San Francisco Giants,0,-0.10309278350515516,0.8762886597938144,0.7731958762886597,-0.09999999999999998,0
2026-07-18,824414,Cleveland Guardians,Pittsburgh Pirates,0,-1.3505154639175254,0.876288659793814,-0.4742268041237113,-0.09999999999999998,0
2026-07-18,824412,Cleveland Guardians,Pittsburgh Pirates,1,-1.397959183673469,0.8061224489795924,-0.5918367346938775,-0.19999999999999996,0
2026-07-18,824657,Chicago Cubs,Minnesota Twins,1,0.15316642120765867,0.46423311592678296,0.6173995371344414,-0.19999999999999996,0
2026-07-18,823441,Philadelphia Phillies,New York Mets,1,0.23469387755102034,0.26530612244897966,0.5,0.0,0
2026-07-18,822790,Toronto Blue Jays,Chicago White Sox,1,-0.7716924398625435,-0.11952319587628857,-0.8912156357388317,-0.19999999999999996,0
2026-07-18,824331,Colorado Rockies,Cincinnati Reds,1,0.5397727272727275,-0.9163510101010095,-0.3765782828282829,-0.10000000000000003,0
2026-07-18,824169,Houston Astros,Baltimore Orioles,0,-0.03628117913832263,-0.2648938363224076,-0.3011750154607298,-0.29999999999999993,0
2026-07-18,824088,Kansas City Royals,San Diego Padres,1,0.29623395750052595,-0.7303808121186615,-0.4341468546181359,-0.09999999999999998,0
2026-07-18,825059,Arizona Diamondbacks,St. Louis Cardinals,1,-0.17536625067824207,-0.09527943570265851,-0.2706456863809007,0.19999999999999996,0
2026-07-18,824738,Boston Red Sox,Tampa Bay Rays,1,-0.2916666666666661,0.4895833333333335,0.19791666666666666,0.6,0
2026-07-18,824899,Atlanta Braves,Texas Rangers,0,0.7938144329896915,0.5463917525773199,1.3402061855670104,0.0,0
2026-07-18,823763,Milwaukee Brewers,Miami Marlins,1,0.572059751735746,0.5025247212286974,1.0745844729644436,0.0,0
2026-07-18,823116,Seattle Mariners,San Francisco Giants,1,-0.17346938775510168,0.7959183673469385,0.6224489795918368,-0.3,0
2026-07-18,824979,Athletics,Washington Nationals,1,-1.108247422680412,-0.44571849358300053,-1.5539659162634127,-0.4,0
2026-07-18,824008,Los Angeles Angels,Detroit Tigers,0,0.25212585034013646,-1.0318877551020407,-0.7797619047619048,-0.49999999999999994,0
2026-07-19,822786,Toronto Blue Jays,Chicago White Sox,0,-0.7531033031769407,-0.1084578161161378,-0.8615611192930781,-0.19999999999999996,0
2026-07-19,823523,New York Yankees,Los Angeles Dodgers,0,-0.4104775930990954,-0.1922996002524724,-0.6027771933515673,0.0,0
2026-07-19,823521,New York Yankees,Los Angeles Dodgers,1,-0.4672232529375382,-0.2513914656771803,-0.7186147186147186,0.0,0
2026-07-19,824739,Boston Red Sox,Tampa Bay Rays,1,-0.2783505154639174,0.4948453608247423,0.21649484536082472,0.6,0
2026-07-19,823439,Philadelphia Phillies,New York Mets,0,0.2828282828282829,0.31313131313131315,0.595959595959596,0.0,0
2026-07-19,824897,Atlanta Braves,Texas Rangers,1,0.7755102040816331,0.5306122448979589,1.306122448979592,-0.09999999999999998,0
2026-07-19,824411,Cleveland Guardians,Pittsburgh Pirates,0,-1.3636363636363638,0.8181818181818175,-0.5454545454545454,-0.19999999999999996,0
2026-07-19,824168,Houston Astros,Baltimore Orioles,0,-0.055858585858585386,-0.28252525252525285,-0.33838383838383834,-0.29999999999999993,0
2026-07-19,824086,Kansas City Royals,San Diego Padres,0,0.3440527726242011,-0.6723356009070294,-0.3282828282828283,0.0,0
2026-07-19,823764,Milwaukee Brewers,Miami Marlins,1,0.5867862296433728,0.5174190888476606,1.1042053184910328,0.09999999999999998,0
2026-07-19,824653,Chicago Cubs,Minnesota Twins,1,0.19212533498247808,0.500206143063286,0.6923314780457638,-0.09999999999999998,0
2026-07-19,824330,Colorado Rockies,Cincinnati Reds,0,0.6047422680412371,-0.8355670103092789,-0.23082474226804128,0.0,0
2026-07-19,824978,Athletics,Washington Nationals,0,-0.9545454545454541,-0.2993197278911568,-1.253865182436611,-0.19999999999999998,0
2026-07-19,824007,Los Angeles Angels,Detroit Tigers,1,0.17827762157659066,-1.0929917734041443,-0.9147141518275539,-0.6000000000000001,0
2026-07-19,823113,Seattle Mariners,San Francisco Giants,1,-0.16161616161616177,0.7979797979797985,0.6363636363636364,-0.09999999999999998,0
2026-07-19,825057,Arizona Diamondbacks,St. Louis Cardinals,1,-0.1528486394557822,-0.07376700680272119,-0.2266156462585034,0.19999999999999996,0
2026-07-20,824410,Cleveland Guardians,Minnesota Twins,1,-0.8700000000000001,0.9900000000000002,0.12,-0.09999999999999998,0
2026-07-20,823522,New York Yankees,Pittsburgh Pirates,1,-0.6128282828282829,0.9314141414141415,0.31858585858585853,-0.09999999999999998,0
2026-07-20,822788,Toronto Blue Jays,Tampa Bay Rays,0,-0.42867450010307095,-0.16872809729952554,-0.5974025974025974,0.0,0
2026-07-20,824736,Boston Red Sox,Baltimore Orioles,1,-0.37571428571428545,0.964897959183673,0.5891836734693878,0.30000000000000004,0
2026-07-20,823436,Philadelphia Phillies,Los Angeles Dodgers,1,-0.8499999999999996,-0.8300000000000001,-1.6800000000000002,0.09999999999999998,0
2026-07-20,824898,Atlanta Braves,San Diego Padres,1,0.8686868686868685,0.49494949494949525,1.3636363636363638,0.0,0
2026-07-20,824087,Kansas City Royals,San Francisco Giants,1,0.10999999999999943,-0.54,-0.42999999999999994,-0.09999999999999998,0
2026-07-20,823762,Milwaukee Brewers,New York Mets,1,0.9807070707070711,0.9625252525252526,1.9432323232323232,0.09999999999999998,0
2026-07-20,824654,Chicago Cubs,Detroit Tigers,0,0.9176458462172752,-0.5566893424036281,0.3609565038136467,0.0,0
2026-07-20,822874,Texas Rangers,Chicago White Sox,0,-0.6240981240981238,-0.1482168625025766,-0.7723149866007009,-0.09999999999999998,0
2026-07-20,824167,Houston Astros,Miami Marlins,1,0.03495049504950476,-0.7497029702970295,-0.7147524752475247,-0.10000000000000003,0
2026-07-20,824328,Colorado Rockies,Washington Nationals,0,-0.6579207920792083,-0.38316831683168306,-1.0410891089108911,-0.10000000000000003,0
2026-07-20,825058,Arizona Diamondbacks,Athletics,0,-0.10101010101010122,1.1414141414141419,1.0404040404040404,0.6,0
2026-07-20,823112,Seattle Mariners,Cincinnati Reds,1,-0.20448979591836736,0.9365306122448982,0.7320408163265306,-0.09999999999999998,0
2026-07-20,824006,Los Angeles Angels,St. Louis Cardinals,1,-0.17546391752577328,-0.5373195876288657,-0.7127835051546392,-0.10000000000000003,0
2026-07-21,824409,Cleveland Guardians,Minnesota Twins,1,-0.7722772277227721,1.0693069306930694,0.29702970297029707,0.09999999999999998,0
2026-07-21,823437,Philadelphia Phillies,Los Angeles Dodgers,0,-0.8118811881188117,-0.7920792079207923,-1.603960396039604,0.19999999999999996,0
2026-07-21,822787,Toronto Blue Jays,Tampa Bay Rays,0,-0.48464646464646455,-0.22737373737373723,-0.712020202020202,0.0,0
2026-07-21,824895,Atlanta Braves,San Diego Padres,0,0.8700000000000001,0.5000000000000004,1.37,0.09999999999999998,0
2026-07-21,824085,Kansas City Royals,San Francisco Giants,1,0.11881188118811892,-0.5247524752475252,-0.40594059405940597,0.0,0
2026-07-21,823760,Milwaukee Brewers,New York Mets,0,1.0207920792079204,1.0025742574257421,2.0233663366336634,0.19999999999999996,0
2026-07-21,824652,Chicago Cubs,Detroit Tigers,1,0.888080808080808,-0.5709090909090913,0.31717171717171716,-0.09999999999999998,0
2026-07-21,822871,Texas Rangers,Chicago White Sox,1,-0.6883838383838379,-0.2168686868686871,-0.9052525252525253,-0.09999999999999998,0
2026-07-21,824165,Houston Astros,Miami Marlins,1,0.063968161522034,-0.7125800815375651,-0.6486119200155309,0.0,0
2026-07-21,824329,Colorado Rockies,Washington Nationals,1,-0.6908367307318972,-0.41885070860027174,-1.1096874393321685,-0.2,0
2026-07-21,824005,Los Angeles Angels,St. Louis Cardinals,1,-0.16306324510001957,-0.5225298040008086,-0.6855930491008284,0.0,0
2026-07-21,825056,Arizona Diamondbacks,Athletics,1,-0.13000000000000078,1.0999999999999996,0.9700000000000001,0.39999999999999997,0
2026-07-21,823114,Seattle Mariners,Cincinnati Reds,0,-0.1224122412241222,1.0071007100710077,0.8846884688468847,0.0,0
2026-07-22,823518,New York Yankees,Pittsburgh Pirates,0,-0.576732673267327,0.9517821782178215,0.37504950495049505,0.0,0
2026-07-22,823519,New York Yankees,Pittsburgh Pirates,1,-0.5908561444379732,0.9227334498155697,0.3318773053775965,0.0,0
2026-07-22,824735,Boston Red Sox,Baltimore Orioles,1,-0.361736173617361,0.9649964996499647,0.6032603260326033,0.30000000000000004,0
2026-07-22,824732,Boston Red Sox,Baltimore Orioles,0,-0.32843137254901933,0.9850980392156865,0.6566666666666666,0.30000000000000004,0
2026-07-22,824083,Kansas City Royals,San Francisco Giants,1,0.1274509803921573,-0.5098039215686274,-0.38235294117647056,0.0,0
2026-07-22,823761,Milwaukee Brewers,New York Mets,1,0.9710735779460302,0.9535041739468064,1.9245777518928364,0.0,0
2026-07-22,824327,Colorado Rockies,Washington Nationals,0,-0.6745669141442985,-0.40481629545021924,-1.0793832095945175,-0.10000000000000003,0
2026-07-22,825055,Arizona Diamondbacks,Athletics,1,-0.11881188118811892,1.0990099009900982,0.9801980198019803,0.49999999999999994,0
2026-07-22,823110,Seattle Mariners,Cincinnati Reds,0,-0.14078431372549005,0.9770588235294118,0.8362745098039216,-0.09999999999999998,0
2026-07-22,824004,Los Angeles Angels,St. Louis Cardinals,0,-0.1212121212121211,-0.47801544860368406,-0.5992275698158052,0.09999999999999998,0
2026-07-22,824408,Cleveland Guardians,Minnesota Twins,0,-0.7352941176470589,1.0882352941176467,0.35294117647058826,0.29999999999999993,0
2026-07-22,823438,Philadelphia Phillies,Los Angeles Dodgers,0,-0.8137254901960791,-0.7941176470588238,-1.607843137254902,0.09999999999999998,0
2026-07-22,822784,Toronto Blue Jays,Tampa Bay Rays,0,-0.5796039603960397,-0.32435643564356376,-0.9039603960396039,0.0,0
2026-07-22,824896,Atlanta Braves,San Diego Padres,1,0.8118811881188117,0.44554455445544594,1.2574257425742574,0.09999999999999998,0
2026-07-22,822873,Texas Rangers,Chicago White Sox,0,-0.5820792079207919,-0.11514851485148547,-0.6972277227722772,-0.09999999999999998,0
2026-07-22,824650,Chicago Cubs,Detroit Tigers,0,0.9686138613861388,-0.47544554455445587,0.4931683168316832,0.0,0
2026-07-22,824166,Houston Astros,Miami Marlins,1,0.08290500666285894,-0.6861793260993725,-0.6032743194365124,0.2,0
2026-07-23,824893,Atlanta Braves,San Diego Padres,1,0.8137254901960782,0.4509803921568629,1.2647058823529411,0.19999999999999996,0
2026-07-23,824406,Cleveland Guardians,Minnesota Twins,0,-0.766990291262136,1.0388349514563107,0.27184466019417475,0.29999999999999993,0
2026-07-23,822785,Toronto Blue Jays,Tampa Bay Rays,1,-0.5934769947582987,-0.3410017472335465,-0.9344787419918463,-0.2,0
2026-07-23,823042,St. Louis Cardinals,Arizona Diamondbacks,0,-0.05058823529411782,0.1299999999999999,0.07941176470588235,-0.4,0
2026-07-23,824247,Detroit Tigers,Kansas City Royals,1,-0.07420936268384093,1.2339709699125256,1.159761607228684,0.09999999999999998,0
2026-07-24,823759,Milwaukee Brewers,Colorado Rockies,0,0.27960030165912464,1.995475113122172,2.275075414781297,0.3,0
2026-07-24,824248,Detroit Tigers,Kansas City Royals,1,-0.0639140271493206,1.2319004524886878,1.1679864253393666,0.09999999999999998,0
2026-07-24,823352,Pittsburgh Pirates,Chicago Cubs,0,0.17380544450790048,-0.3159147154007229,-0.1421092708928231,0.09999999999999998,0
2026-07-24,822707,Washington Nationals,Arizona Diamondbacks,0,0.9805825242718447,-0.7378640776699026,0.24271844660194175,-0.30000000000000004,1
2026-07-24,823434,Philadelphia Phillies,New York Yankees,0,-0.35636778983438067,-0.6520083761660005,-1.0083761660003807,-0.19999999999999996,0
2026-07-24,824812,Baltimore Orioles,Atlanta Braves,0,-0.3689320388349513,-0.737864077669903,-1.1067961165048543,0.20000000000000007,1
2026-07-24,823601,New York Mets,Los Angeles Dodgers,0,-1.1262135922330092,-1.0194174757281553,-2.145631067961165,-0.09999999999999998,0
2026-07-24,822952,Tampa Bay Rays,Cleveland Guardians,1,0.490384615384615,-0.13857466063348411,0.35180995475113125,-0.19999999999999996,0
2026-07-24,823843,Miami Marlins,San Diego Padres,0,0.3009708737864081,0.09708737864077666,0.39805825242718446,-0.30000000000000004,1
2026-07-24,824733,Boston Red Sox,Toronto Blue Jays,1,0.2857829472267617,0.7519946169374219,1.0377775641641833,0.6000000000000001,1
2026-07-24,824573,Chicago White Sox,Houston Astros,0,0.23410129474485863,0.634234577303884,0.8683358720487433,0.29999999999999993,0
2026-07-24,822872,Texas Rangers,Seattle Mariners,1,0.15714829621168835,-0.6163144869598325,-0.4591661907481439,0.09999999999999998,0
2026-07-24,823680,Minnesota Twins,Athletics,0,0.29826546003016574,0.6093514328808451,0.9076168929110106,0.3,-1
2026-07-24,823031,St. Louis Cardinals,Cincinnati Reds,0,0.24752475247524774,0.3861386138613856,0.6336633663366337,-0.09999999999999998,-1
2026-07-24,823196,San Francisco Giants,Los Angeles Angels,1,-0.17475728155339798,0.16504854368931987,-0.009708737864077666,0.0,0
2026-07-25,824244,Detroit Tigers,Kansas City Royals,0,-0.05418400369856702,1.2302357836338422,1.1760517799352752,0.09999999999999998,0
2026-07-25,822704,Washington Nationals,Arizona Diamondbacks,1,0.9615384615384608,-0.7403846153846159,0.22115384615384615,-0.4,0
2026-07-25,823197,San Francisco Giants,Los Angeles Angels,1,-0.16346153846153832,0.17307692307692335,0.009615384615384581,0.0,0
2026-07-25,824734,Boston Red Sox,Toronto Blue Jays,0,0.3026018099547514,0.7639517345399698,1.066553544494721,0.7,0
2026-07-25,823841,Miami Marlins,San Diego Padres,0,0.2788461538461533,0.07692307692307754,0.3557692307692307,-0.5,0
2026-07-25,823435,Philadelphia Phillies,New York Yankees,0,-0.3622106049290519,-0.655713218820015,-1.0179238237490664,-0.29999999999999993,0
2026-07-25,822948,Tampa Bay Rays,Cleveland Guardians,1,0.5631067961165046,-0.060841423948219564,0.5022653721682848,-0.09999999999999998,0
2026-07-25,823355,Pittsburgh Pirates,Chicago Cubs,0,0.16271471247199365,-0.32272218073188963,-0.16000746825989548,0.0,0
2026-07-25,824811,Baltimore Orioles,Atlanta Braves,1,-0.375,-0.7403846153846154,-1.1153846153846154,0.0,0
2026-07-25,823679,Minnesota Twins,Athletics,1,0.27683772538141493,0.5834489135460013,0.8602866389274155,0.2,0
2026-07-25,824571,Chicago White Sox,Houston Astros,0,0.1938375350140058,0.5887955182072826,0.7826330532212885,0.19999999999999996,0
2026-07-25,823758,Milwaukee Brewers,Colorado Rockies,1,0.24780397595931625,1.9476652797041147,2.1954692556634305,0.09999999999999998,0
2026-07-25,823600,New York Mets,Los Angeles Dodgers,0,-1.1346153846153841,-1.0288461538461537,-2.1634615384615383,-0.2,0
2026-07-25,823027,St. Louis Cardinals,Cincinnati Reds,1,0.22549019607843146,0.3627450980392153,0.5882352941176471,-0.3,0
2026-07-25,822869,Texas Rangers,Seattle Mariners,1,0.16532860343539912,-0.6007281553398061,-0.43539955190440627,0.09999999999999998,0
2026-07-26,822950,Tampa Bay Rays,Cleveland Guardians,1,0.5858127721335271,-0.03120464441219184,0.5546081277213353,0.09999999999999998,0
2026-07-26,822706,Washington Nationals,Arizona Diamondbacks,1,0.9714285714285715,-0.7142857142857144,0.2571428571428571,-0.19999999999999996,0
2026-07-26,823354,Pittsburgh Pirates,Chicago Cubs,1,0.05586080586080566,-0.42481684981684964,-0.368956043956044,-0.19999999999999996,0
2026-07-26,824730,Boston Red Sox,Toronto Blue Jays,1,0.24179380490060076,0.6991215903837262,0.9409153952843272,0.5,0
2026-07-26,824810,Baltimore Orioles,Atlanta Braves,0,-0.3619047619047624,-0.7238095238095239,-1.0857142857142859,0.0,0
2026-07-26,824246,Detroit Tigers,Kansas City Royals,0,-0.06349782293178485,1.209361393323658,1.1458635703918723,0.0,0
2026-07-26,823599,New York Mets,Los Angeles Dodgers,1,-1.1333333333333337,-1.028571428571429,-2.1619047619047618,-0.3,0
2026-07-26,823840,Miami Marlins,San Diego Padres,0,0.22857142857142865,0.028571428571429358,0.2571428571428571,-0.5,0
2026-07-26,823678,Minnesota Twins,Athletics,1,0.29390420899854863,0.5961538461538458,0.8900580551523949,0.2,0
2026-07-26,824572,Chicago White Sox,Houston Astros,1,0.16266715515662256,0.555046711851988,0.7177138670086096,0.0,0
2026-07-26,823755,Milwaukee Brewers,Colorado Rockies,1,0.2743105950653115,1.9573657474600874,2.231676342525399,0.3,0
2026-07-26,823028,St. Louis Cardinals,Cincinnati Reds,0,0.29126213592232997,0.4271844660194173,0.7184466019417476,-0.2,0
2026-07-26,822870,Texas Rangers,Seattle Mariners,0,0.2211538461538458,-0.5375457875457879,-0.3163919413919414,0.09999999999999998,0
2026-07-26,823194,San Francisco Giants,Los Angeles Angels,0,-0.0952380952380949,0.23809523809523814,0.14285714285714285,0.2,0
2026-07-26,823433,Philadelphia Phillies,New York Yankees,1,-0.3776556776556781,-0.6687728937728941,-1.0464285714285715,-0.29999999999999993,0
2026-07-27,822868,Texas Rangers,Seattle Mariners,1,0.20017969451931705,-0.5514824797843669,-0.35130278526504943,0.0,0
2026-07-27,824245,Detroit Tigers,Baltimore Orioles,0,-0.4232704402515717,0.7743935309973051,0.3511230907457322,0.0,0
2026-07-27,823353,Pittsburgh Pirates,Arizona Diamondbacks,1,0.6981132075471699,-0.2924528301886795,0.4056603773584906,-0.09999999999999998,0
2026-07-27,823839,Miami Marlins,Philadelphia Phillies,1,0.03773584905660332,0.08490566037735903,0.12264150943396226,-0.4,0
2026-07-27,822705,Washington Nationals,Toronto Blue Jays,0,1.5849056603773581,-0.716981132075472,0.8679245283018868,0.3,0
2026-07-27,823597,New York Mets,Atlanta Braves,1,-0.8490566037735849,-0.6981132075471694,-1.5471698113207548,-0.29999999999999993,0
2026-07-27,824570,Chicago White Sox,New York Yankees,0,0.16968864468864453,-0.5273809523809523,-0.35769230769230775,0.0,0
2026-07-27,823025,St. Louis Cardinals,Chicago Cubs,0,-0.7293040293040294,0.0439560439560438,-0.6853479853479854,-0.3,0
2026-07-27,824001,Los Angeles Angels,Houston Astros,0,-0.2870745900193974,0.11311937929818328,-0.17395521072121317,-0.09999999999999998,0
2026-07-27,824977,Athletics,Boston Red Sox,0,0.24560439560439562,-1.8783882783882788,-1.6327838827838828,-0.5,0
2026-07-27,823195,San Francisco Giants,Milwaukee Brewers,1,-0.9159928122192271,-0.9269541778975743,-1.8429469901168014,-0.29999999999999993,0
2026-07-28,824490,Cincinnati Reds,Cleveland Guardians,0,0.2286125089863411,-0.6950035945363044,-0.466391085549964,0.3,0
2026-07-28,824489,Cincinnati Reds,Cleveland Guardians,1,0.21746031746031758,-0.6981481481481477,-0.4806878306878306,0.19999999999999996,0
2026-07-28,824243,Detroit Tigers,Baltimore Orioles,1,-0.4472756127667079,0.7387585963674841,0.2914829836007759,-0.09999999999999998,0
2026-07-28,823350,Pittsburgh Pirates,Arizona Diamondbacks,0,0.7009345794392523,-0.28037383177570163,0.4205607476635514,-0.09999999999999998,0
2026-07-28,822949,Tampa Bay Rays,Texas Rangers,0,0.26900269541778954,0.3291105121293807,0.5981132075471698,0.09999999999999998,1
2026-07-28,823838,Miami Marlins,Philadelphia Phillies,1,0.04672897196261605,0.09345794392523388,0.14018691588785046,-0.19999999999999998,0
2026-07-28,822703,Washington Nationals,Toronto Blue Jays,1,1.560747663551402,-0.7196261682242993,0.8411214953271027,0.19999999999999996,0
2026-07-28,823676,Minnesota Twins,Kansas City Royals,1,0.5700934579439254,0.07476635514018692,0.6448598130841121,-0.19999999999999996,0
2026-07-28,824569,Chicago White Sox,New York Yankees,0,0.13036837376459953,-0.5605570530098833,-0.43018867924528303,-0.09999999999999998,0
2026-07-28,823026,St. Louis Cardinals,Chicago Cubs,0,-0.7602875112309073,0.005570530098832016,-0.7547169811320755,-0.39999999999999997,0
2026-07-28,824003,Los Angeles Angels,Houston Astros,0,-0.3029595015576323,0.09345794392523388,-0.2095015576323987,-0.19999999999999996,0
2026-07-28,824976,Athletics,Boston Red Sox,1,0.2244384546271334,-1.8796945193171606,-1.655256064690027,-0.5,0
2026-07-28,823275,San Diego Padres,Colorado Rockies,1,-0.568506436254629,1.3984306118850292,0.8299241756304001,0.2,0
2026-07-28,823193,San Francisco Giants,Milwaukee Brewers,0,-0.878945512255334,-0.8903191676952917,-1.769264679950626,-0.29999999999999993,0
2026-07-28,823923,Los Angeles Dodgers,Seattle Mariners,0,1.141597601833892,0.24590019396931773,1.3874977958032093,0.19999999999999996,1
2026-07-29,823837,Miami Marlins,Philadelphia Phillies,1,0.05555555555555536,0.10185185185185208,0.15740740740740738,-0.09999999999999998,0
2026-07-29,823351,Pittsburgh Pirates,Arizona Diamondbacks,0,0.6851851851851851,-0.2870370370370372,0.39814814814814814,-0.19999999999999996,0
2026-07-29,822702,Washington Nationals,Toronto Blue Jays,0,1.5648148148148149,-0.6944444444444446,0.8703703703703705,0.3,0
2026-07-29,824242,Detroit Tigers,Baltimore Orioles,0,-0.3126514364832129,0.8618899273104881,0.5492384908272758,0.0,0
2026-07-29,823596,New York Mets,Atlanta Braves,1,-0.7383177570093453,-0.5887850467289724,-1.3271028037383177,-0.09999999999999998,0
2026-07-29,823598,New York Mets,Atlanta Braves,0,-0.7222222222222223,-0.5740740740740735,-1.2962962962962963,-0.09999999999999998,0
2026-07-29,823192,San Francisco Giants,Milwaukee Brewers,1,-0.926618206992039,-0.9377812391831082,-1.8643994461751472,-0.39999999999999997,0
2026-07-29,823273,San Diego Padres,Colorado Rockies,1,-0.5536517826237457,1.3945136725510556,0.8408618899273104,0.3,0
2026-07-29,822947,Tampa Bay Rays,Texas Rangers,1,0.23814142126609017,0.2980074061012159,0.5361488273673073,0.0,0
2026-07-29,824487,Cincinnati Reds,Cleveland Guardians,0,0.2332525532283194,-0.6721481737926256,-0.4388956205643067,0.3,0
2026-07-29,823677,Minnesota Twins,Kansas City Royals,0,0.5740740740740744,0.08333333333333304,0.6574074074074074,-0.09999999999999998,0
2026-07-29,824567,Chicago White Sox,New York Yankees,1,0.1195556339269972,-0.5645388820313877,-0.4449832481043907,-0.29999999999999993,0
2026-07-29,823022,St. Louis Cardinals,Chicago Cubs,1,-0.8281608181978495,-0.06974078645741422,-0.8979016046552636,-0.49999999999999994,0
2026-07-29,824002,Los Angeles Angels,Houston Astros,0,-0.30954808019028146,0.08358817533129415,-0.22595990485898743,-0.29999999999999993,0
2026-07-29,824973,Athletics,Boston Red Sox,0,0.2317933345089047,-1.8527596543819431,-1.6209663198730382,-0.29999999999999993,0
2026-07-29,823924,Los Angeles Dodgers,Seattle Mariners,1,1.1218414676358597,0.23407753547940446,1.3559190031152648,0.09999999999999998,0
2026-07-30,822946,Tampa Bay Rays,Texas Rangers,1,0.2635860159224652,0.323381793007961,0.5869678089304258,0.19999999999999996,0
2026-07-30,823674,Minnesota Twins,Kansas City Royals,1,0.5321100917431192,0.045871559633027026,0.5779816513761468,-0.09999999999999998,0
2026-07-30,824568,Chicago White Sox,New York Yankees,1,0.12781239183108362,-0.5501038421599165,-0.4222914503288335,-0.19999999999999996,0
2026-07-30,823023,St. Louis Cardinals,Chicago Cubs,0,-0.8113534094842505,-0.05962270681896875,-0.8709761163032191,-0.3,0
2026-07-30,824488,Cincinnati Reds,Pittsburgh Pirates,1,-1.0529880819686195,0.05933293320757915,-0.9936551487610392,0.19999999999999996,0
2026-07-30,823595,New York Mets,Miami Marlins,1,-0.29357798165137616,-0.2293577981651378,-0.5229357798165137,0.2,0
2026-07-30,824894,Atlanta Braves,Washington Nationals,1,-0.6238532110091741,1.2018348623853212,0.5779816513761468,0.0,0
2026-07-30,824974,Athletics,Boston Red Sox,0,0.21114572516441665,-1.8542748355832468,-1.64312911041883,-0.39999999999999997,0
2026-07-30,823271,San Diego Padres,San Francisco Giants,0,-0.06243628950050972,0.28109072375127475,0.21865443425076456,0.29999999999999993,0
2026-07-30,823921,Los Angeles Dodgers,Seattle Mariners,1,1.1297995242949366,0.2504247366632688,1.3802242609582058,0.19999999999999996,0
2026-07-31,824651,Chicago Cubs,New York Yankees,0,0.5321100917431192,-0.5137614678899083,0.01834862385321101,0.0,0
2026-07-31,824486,Cincinnati Reds,Pittsburgh Pirates,1,-1.0345117845117846,0.06835016835016905,-0.9661616161616161,0.3,0
2026-07-31,824809,Baltimore Orioles,Philadelphia Phillies,1,0.2568807339449535,-0.3394495412844041,-0.08256880733944955,0.3,0
2026-07-31,822782,Toronto Blue Jays,St. Louis Cardinals,1,-0.4068977234114852,-0.06022765885151227,-0.467125382262997,0.10000000000000003,1
2026-07-31,824407,Cleveland Guardians,Arizona Diamondbacks,0,-0.5864887406171806,0.45921601334445317,-0.12727272727272726,-0.19999999999999996,0
2026-07-31,822945,Tampa Bay Rays,Chicago White Sox,0,-0.3240740740740744,0.3240740740740744,0.0,0.30000000000000004,0
2026-07-31,823593,New York Mets,Miami Marlins,0,-0.2727272727272725,-0.209090909090909,-0.4818181818181818,0.2,0
2026-07-31,824892,Atlanta Braves,Washington Nationals,1,-0.6090909090909085,1.2000000000000002,0.5909090909090908,0.09999999999999998,0
2026-07-31,824164,Houston Astros,Texas Rangers,1,0.40742285237698095,-0.5783152627189327,-0.17089241034195163,0.30000000000000004,1
2026-07-31,824325,Colorado Rockies,Kansas City Royals,1,0.5520433694745623,-0.7341951626355296,-0.18215179316096752,-0.3,1
2026-07-31,823999,Los Angeles Angels,Milwaukee Brewers,0,-0.798674821610601,-1.0749235474006116,-1.873598369011213,-0.19999999999999996,0
2026-07-31,824975,Athletics,Detroit Tigers,0,0.12589194699286477,-1.61493374108053,-1.4890417940876657,-0.2,-1
2026-07-31,823272,San Diego Padres,San Francisco Giants,1,-0.08940783986655543,0.2512927439532948,0.16188490408673895,0.09999999999999998,0
2026-07-31,823922,Los Angeles Dodgers,Boston Red Sox,0,0.95225959904859,0.052667346245327984,1.0049269452939178,-0.09999999999999998,0
2026-07-31,823111,Seattle Mariners,Minnesota Twins,0,-0.709090909090909,1.0,0.2909090909090909,-0.3,0
2026-08-01,822781,Toronto Blue Jays,St. Louis Cardinals,1,-0.3847372810675562,-0.041618015012510945,-0.42635529608006667,0.2,0
2026-08-01,823109,Seattle Mariners,Minnesota Twins,1,-0.7207207207207209,0.9729729729729728,0.2522522522522523,-0.49999999999999994,0
2026-08-01,822944,Tampa Bay Rays,Chicago White Sox,1,-0.36697247706422065,0.2752293577981657,-0.09174311926605505,0.19999999999999996,0
2026-08-01,823594,New York Mets,Miami Marlins,0,-0.29729729729729737,-0.2342342342342345,-0.5315315315315315,0.09999999999999998,0
2026-08-01,824485,Cincinnati Reds,Pittsburgh Pirates,0,-1.01553847425407,0.07636994792958074,-0.9391685263244897,0.39999999999999997,0
2026-08-01,824808,Baltimore Orioles,Philadelphia Phillies,0,0.2727272727272734,-0.31818181818181834,-0.04545454545454547,0.3,0
2026-08-01,824162,Houston Astros,Texas Rangers,1,0.4850122850122842,-0.4914823914823918,-0.006470106470106485,0.4,0
2026-08-01,824405,Cleveland Guardians,Arizona Diamondbacks,0,-0.6081900081900078,0.4277641277641271,-0.18042588042588042,-0.39999999999999997,0
2026-08-01,824890,Atlanta Braves,Washington Nationals,1,-0.5675675675675675,1.2252252252252247,0.6576576576576577,0.29999999999999993,0
2026-08-01,824649,Chicago Cubs,New York Yankees,1,0.5090909090909088,-0.5272727272727269,-0.018181818181818188,0.0,0
2026-08-01,824326,Colorado Rockies,Kansas City Royals,1,0.5649467649467645,-0.7091728091728084,-0.14422604422604413,-0.2,0
2026-08-01,823269,San Diego Padres,San Francisco Giants,1,-0.02530712530712531,0.31244881244881206,0.28714168714168714,0.19999999999999996,0
2026-08-01,823920,Los Angeles Dodgers,Boston Red Sox,0,0.8977481234361973,0.006755629691409748,0.9045037531276064,-0.09999999999999998,0
2026-08-01,824000,Los Angeles Angels,Milwaukee Brewers,0,-0.827856547122602,-1.1016680567139279,-1.9295246038365303,-0.3,0
2026-08-01,824972,Athletics,Detroit Tigers,0,0.014929107589658486,-1.7095913261050875,-1.6946622185154294,-0.3,0
2026-08-02,824891,Atlanta Braves,Washington Nationals,1,-0.5178571428571432,1.2589285714285716,0.7410714285714286,0.29999999999999993,0
2026-08-02,822783,Toronto Blue Jays,St. Louis Cardinals,0,-0.34496314496314495,-0.005159705159704764,-0.35012285012285016,0.39999999999999997,0
2026-08-02,824404,Cleveland Guardians,Arizona Diamondbacks,1,-0.6390765765765769,0.38851351351351315,-0.2505630630630631,-0.49999999999999994,0
2026-08-02,824483,Cincinnati Reds,Pittsburgh Pirates,1,-1.0337662337662339,0.04902597402597397,-0.9847402597402598,0.3,0
2026-08-02,822943,Tampa Bay Rays,Chicago White Sox,0,-0.3545454545454545,0.2818181818181822,-0.0727272727272727,0.19999999999999996,0
2026-08-02,823592,New York Mets,Miami Marlins,0,-0.33035714285714235,-0.26785714285714324,-0.5982142857142857,-0.09999999999999998,0
2026-08-02,824163,Houston Astros,Texas Rangers,1,0.48962355212355213,-0.47812097812097853,0.011502574002573984,0.5,0
2026-08-02,824648,Chicago Cubs,New York Yankees,0,0.531531531531531,-0.4954954954954953,0.03603603603603611,0.0,0
2026-08-02,824323,Colorado Rockies,Kansas City Royals,1,0.6140604890604893,-0.6492921492921493,-0.035231660231660245,0.0,0
2026-08-02,823996,Los Angeles Angels,Milwaukee Brewers,1,-0.8382473382473385,-1.1099918099918096,-1.9482391482391483,-0.39999999999999997,0
2026-08-02,824971,Athletics,Detroit Tigers,0,-0.0035217035217032233,-1.7120393120393116,-1.7155610155610155,-0.39999999999999997,0
2026-08-02,823270,San Diego Padres,San Francisco Giants,1,-0.016007078507078276,0.3185328185328187,0.30252574002574006,0.19999999999999996,0
2026-08-02,823107,Seattle Mariners,Minnesota Twins,1,-0.7053571428571428,0.9732142857142856,0.26785714285714285,-0.39999999999999997,0
2026-08-02,823919,Los Angeles Dodgers,Boston Red Sox,0,0.8807534807534809,-0.002457002457002755,0.8782964782964784,-0.09999999999999998,0
2026-08-03,823431,Philadelphia Phillies,Washington Nationals,1,-1.0293390735868613,0.7796380451247709,-0.2497010284620904,-0.09999999999999998,1
2026-08-03,823520,New York Yankees,St. Louis Cardinals,0,0.2741312741312738,0.6017535392535396,0.8758848133848134,0.3,0
2026-08-03,823757,Milwaukee Brewers,Pittsburgh Pirates,0,-0.11504424778761102,1.0657737383401105,0.9507294905524994,0.3,0
2026-08-03,824647,Chicago Cubs,Los Angeles Dodgers,1,-0.01785714285714235,-0.526785714285714,-0.5446428571428571,0.09999999999999998,0
2026-08-03,822867,Texas Rangers,San Francisco Giants,0,-0.06945322376738261,0.172803413400759,0.10335018963337544,-0.09999999999999998,0
2026-08-03,824160,Houston Astros,Toronto Blue Jays,0,0.7529235145385589,-0.47400442477876137,0.27891908975979773,0.30000000000000004,0
2026-08-03,824324,Colorado Rockies,Tampa Bay Rays,0,0.4432110682110686,-1.5974903474903481,-1.1542792792792793,-0.09999999999999998,0
2026-08-03,825095,Arizona Diamondbacks,San Diego Padres,1,0.3214285714285712,-0.19642857142857206,0.125,-0.20000000000000007,0
2026-08-04,824805,Baltimore Orioles,Los Angeles Angels,1,0.37113899613899637,0.04633204633204624,0.41747104247104244,0.3,1
2026-08-04,824403,Cleveland Guardians,New York Mets,0,-0.0973451327433632,0.46902654867256643,0.37168141592920356,-0.10000000000000003,0
2026-08-04,824484,Cincinnati Reds,Athletics,1,-0.1860521235521233,0.9934845559845558,0.8074324324324325,0.39999999999999997,0
2026-08-04,823432,Philadelphia Phillies,Washington Nationals,1,-0.9937343358395996,0.7993421052631575,-0.19439223057644112,0.0,0
2026-08-04,823517,New York Yankees,St. Louis Cardinals,1,0.2179203539823007,0.5435366624525915,0.7614570164348925,0.09999999999999998,0
2026-08-04,824731,Boston Red Sox,Chicago White Sox,1,-0.513513513513514,0.5585585585585582,0.045045045045045085,0.30000000000000004,0
2026-08-04,824888,Atlanta Braves,Miami Marlins,1,0.4867256637168147,0.30973451327433654,0.7964601769911505,0.09999999999999998,0
2026-08-04,824084,Kansas City Royals,Minnesota Twins,1,-0.5752212389380533,-0.1327433628318584,-0.7079646017699115,-0.3,0
2026-08-04,823756,Milwaukee Brewers,Pittsburgh Pirates,1,-0.12312030075188041,1.0476190476190474,0.9244987468671679,0.09999999999999998,0
2026-08-04,824645,Chicago Cubs,Los Angeles Dodgers,1,0.0265486725663715,-0.4778761061946901,-0.4513274336283186,0.19999999999999996,0
2026-08-04,822865,Texas Rangers,San Francisco Giants,1,-0.1041763701288625,0.13615898152460737,0.031982611395745986,-0.2,0
2026-08-04,824161,Houston Astros,Toronto Blue Jays,1,0.728846452414222,-0.4876571960875635,0.24118925632665733,0.20000000000000007,0
2026-08-04,824321,Colorado Rockies,Tampa Bay Rays,0,0.4032079646017701,-1.6183628318584073,-1.2151548672566372,-0.29999999999999993,0
2026-08-04,825054,Arizona Diamondbacks,San Diego Padres,0,0.3539823008849563,-0.1592920353982299,0.19469026548672566,-0.20000000000000007,0
2026-08-04,823108,Seattle Mariners,Detroit Tigers,0,-0.4327513354062029,-0.06322251454994854,-0.49597384995615085,-0.19999999999999996,0
2026-08-05,824158,Houston Astros,Toronto Blue Jays,0,0.7661327231121278,-0.4397406559877961,0.32639206712433255,0.20000000000000007,0
2026-08-05,824646,Chicago Cubs,Los Angeles Dodgers,1,0.06140350877192979,-0.43859649122806976,-0.3771929824561404,0.3,0
2026-08-05,822866,Texas Rangers,San Francisco Giants,1,-0.09450800915331747,0.1437070938215106,0.04919908466819223,-0.10000000000000003,0
2026-08-05,824322,Colorado Rockies,Tampa Bay Rays,0,0.38177301661232654,-1.6214873466852975,-1.23971433007297,-0.29999999999999993,0
2026-08-05,824806,Baltimore Orioles,Los Angeles Angels,1,0.3854298356510748,0.0639222503160557,0.4493520859671303,0.39999999999999997,0
2026-08-05,824402,Cleveland Guardians,New York Mets,0,-0.13157894736842124,0.42982456140350855,0.2982456140350877,-0.2,0
2026-08-05,824482,Cincinnati Reds,Athletics,1,-0.1754898862199754,0.9935998735777494,0.8181099873577748,0.5,0
2026-08-05,823429,Philadelphia Phillies,Washington Nationals,0,-0.9415159676798766,0.836552520200077,-0.10496344747979992,0.2,0
2026-08-05,823516,New York Yankees,St. Louis Cardinals,0,0.2338922527557834,0.5561248253376805,0.7900170780934638,0.2,0
2026-08-05,824728,Boston Red Sox,Chicago White Sox,1,-0.4017857142857144,0.6607142857142856,0.25892857142857145,0.30000000000000004,0
2026-08-05,824889,Atlanta Braves,Miami Marlins,1,0.5,0.32456140350877183,0.8245614035087719,0.09999999999999998,0
2026-08-05,824082,Kansas City Royals,Minnesota Twins,1,-0.5175438596491224,-0.0789473684210531,-0.5964912280701755,-0.09999999999999998,0
2026-08-05,823753,Milwaukee Brewers,Pittsburgh Pirates,1,-0.10480954213158888,1.0561754520969604,0.9513659099653714,0.19999999999999996,0
2026-08-05,825052,Arizona Diamondbacks,San Diego Padres,1,0.30701754385964897,-0.2017543859649118,0.10526315789473684,-0.30000000000000004,0
2026-08-05,823106,Seattle Mariners,Detroit Tigers,1,-0.4996867167919796,-0.13345864661654128,-0.6331453634085213,-0.19999999999999996,0
2026-08-06,824804,Baltimore Orioles,Los Angeles Angels,0,0.4083993168762614,0.0898928737773641,0.4982921906536253,0.39999999999999997,0
2026-08-06,824481,Cincinnati Reds,Athletics,1,-0.16526936811054238,0.9938674118925634,0.8285980437820215,0.6,0
2026-08-06,824401,Cleveland Guardians,New York Mets,0,-0.13913043478260878,0.41739130434782634,0.2782608695652174,-0.3,0
2026-08-06,823754,Milwaukee Brewers,Pittsburgh Pirates,1,-0.08681185722928042,1.0645795523290982,0.9777676950998185,0.3,0
2026-08-06,824664,Chicago Cubs,Toronto Blue Jays,1,1.2434782608695647,0.13913043478260878,1.382608695652174,0.09999999999999998,0
2026-08-06,823105,Seattle Mariners,Detroit Tigers,0,-0.4775682954982683,-0.11489034243940033,-0.5924586379376683,0.0,0
2026-08-06,823430,Philadelphia Phillies,Washington Nationals,1,-0.9851784633998797,0.7767695099818512,-0.20840895341802784,0.2,0
2026-08-06,824729,Boston Red Sox,Chicago White Sox,1,-0.36283185840707954,0.6902654867256639,0.32743362831858414,0.4,0
2026-08-06,824885,Atlanta Braves,Miami Marlins,1,0.5217391304347823,0.3478260869565215,0.8695652173913043,0.20000000000000007,0
2026-08-06,824080,Kansas City Royals,Minnesota Twins,0,-0.5043478260869572,-0.06956521739130395,-0.5739130434782609,0.0,0
2026-08-06,825053,Arizona Diamondbacks,San Diego Padres,0,0.35652173913043494,-0.14782608695652133,0.20869565217391306,-0.09999999999999998,0
